Row Labels,Sum of target
Drake,50
Glee Cast,41
Taylor Swift,35
Luke Bryan,25
The Weeknd,24
Post Malone,23
Jason Aldean,22
Blake Shelton,20
Ariana Grande,19
XXXTENTACION,17
One Direction,17
Justin Bieber,17
Eric Church,17
Carrie Underwood,17
Rihanna,16
Lady Gaga,16
Kenny Chesney,16
Chris Brown,16
Lady Antebellum,15
Keith Urban,15
J. Cole,15
Billie Eilish,15
YoungBoy Never Broke Again,14
Zac Brown Band,14
Thomas Rhett,14
Nicki Minaj,14
Kendrick Lamar,14
Chris Young,14
Miranda Lambert,13
Jason Derulo,13
Demi Lovato,13
Bruno Mars,13
Maroon 5,12
Katy Perry,12
Jake Owen,12
Florida Georgia Line,12
Brad Paisley,12
Dierks Bentley,12
Tim McGraw,11
Trey Songz,11
Imagine Dragons,11
Kelly Clarkson,11
Kanye West,11
Ed Sheeran,11
Selena Gomez,10
OneRepublic,10
Lee Brice,10
Future,10
Eminem,10
Travis Scott,9
Rascal Flatts,9
P!nk,9
Justin Moore,9
Cole Swindell,9
Darius Rucker,9
Coldplay,9
Billy Currington,9
5 Seconds Of Summer,9
Adele,9
Train,8
Young Thug,8
Sam Smith,8
The Band Perry,8
Shawn Mendes,8
Old Dominion,8
Lil Uzi Vert,8
Miley Cyrus,8
Luke Combs,8
Juice WRLD,8
Justin Timberlake,8
Drake & Future,8
Brett Eldredge,8
Usher,7
Toby Keith,7
Sam Hunt,7
The Black Eyed Peas,7
Rae Sremmurd,7
Migos,7
Kelsea Ballerini,7
Easton Corbin,7
Ellie Goulding,7
Dustin Lynch,7
Brantley Gilbert,7
Dan + Shay,7
Chris Stapleton,7
Wiz Khalifa,6
Scotty McCreery,6
Mumford & Sons,6
Lorde,6
Maren Morris,6
Meghan Trainor,6
Little Big Town,6
Jon Pardi,6
Kane Brown,6
Kodak Black,6
Halsey,6
Fall Out Boy,6
Britney Spears,6
21 Savage,6
The Script,5
Thompson Square,5
twenty one pilots,5
Selena Gomez & The Scene,5
Prince And The Revolution,5
Randy Houser,5
Lana Del Rey,5
Linkin Park,5
Jonas Brothers,5
Kip Moore,5
Hunter Hayes,5
Jerrod Niemann,5
John Mayer,5
George Strait,5
Fetty Wap,5
Flo Rida,5
Eli Young Band,5
Brett Young,5
Camila Cabello,5
Colbie Caillat,5
Childish Gambino,5
Avril Lavigne,5
Alessia Cara,5
Andy Grammer,5
Trippie Redd,4
The Chainsmokers,4
Shakira,4
Niall Horan,4
Ne-Yo,4
Panic! At The Disco,4
Paramore,4
Lil Wayne,4
Mac Miller,4
Miguel,4
Khalid,4
Jana Kramer,4
Josh Turner,4
Glee Cast Featuring Gwyneth Paltrow,4
Harry Styles,4
Fifth Harmony,4
Ciara,4
Christina Perri,4
Daughtry,4
DaBaby,4
Charlie Puth,4
Craig Campbell,4
Chris Janson,4
Avicii,4
A Boogie Wit da Hoodie,4
Victorious Cast Featuring Victoria Justice,3
Tyler Farr,3
Whitney Houston,3
Tori Kelly,3
Zara Larsson,3
Russell Dickerson,3
Sia,3
Shinedown,3
Sara Bareilles,3
The Lumineers,3
Quavo,3
Nickelback,3
Pentatonix,3
Nelly,3
Prince,3
Neon Trees,3
Parmalee,3
NF,3
Phillip Phillips,3
Nick Jonas,3
Pusha T,3
Lukas Graham,3
Lil Pump,3
Meek Mill Featuring Drake,3
Lil Baby,3
Michael Ray,3
Lil Wayne Featuring Drake,3
Mariah Carey,3
Lizzo,3
Mike Posner,3
Kid Ink Featuring Chris Brown,3
Karmin,3
Kings Of Leon,3
JAY-Z,3
Jennifer Lopez Featuring Pitbull,3
Joe Nichols,3
Eric Paslay,3
Foster The People,3
Gwen Stefani,3
Dua Lipa,3
Frankie Ballard,3
Ella Mai,3
Florence + The Machine,3
Dia Frampton,3
Calvin Harris,3
Chase Rice,3
Cardi B,3
David Nail,3
Bryson Tiller,3
Craig Morgan,3
Chris Lane,3
Alicia Keys,3
6ix9ine,3
Adam Lambert,3
Big Sean,3
Avenged Sevenfold,3
3OH!3,3
The Wanted,2
X Ambassadors,2
Troye Sivan,2
Tove Lo,2
YNW Melly,2
Trace Adkins,2
Young Thug Featuring Gunna,2
"Tyler, The Creator",2
Thirty Seconds To Mars,2
The Weeknd Featuring Daft Punk,2
Trey Songz Featuring Drake,2
Travis Porter,2
Yo Gotti Featuring Nicki Minaj,2
Wale Featuring Jeremih,2
Young Thug Featuring Future,2
WALK THE MOON,2
Tory Lanez,2
Weezer,2
The Weeknd Featuring Gesaffelstein,2
Trey Songz Featuring Nicki Minaj,2
Zayn,2
Rob Thomas,2
Sugarland,2
Skrillex Featuring Sirah,2
Roddy Ricch,2
T.I. Featuring Lil Wayne,2
Rodney Atkins,2
The Carters,2
Ronnie Dunn,2
Rita Ora,2
Russ,2
SZA,2
Sara Evans,2
The 1975,2
ScHoolboy Q,2
The Black Keys,2
Rihanna Featuring Drake,2
The Fray,2
Shawn Mendes & Camila Cabello,2
Robin Thicke,2
Playboi Carti Featuring Lil Uzi Vert,2
Nicky Jam,2
Pharrell Williams,2
Rich The Kid,2
Pitbull,2
Nico & Vinz,2
Red Hot Chili Peppers,2
Nicki Minaj Featuring Lil Wayne,2
NLE Choppa,2
Rachel Platten,2
Offset & Metro Boomin,2
Rich Homie Quan,2
Owl City,2
Monica,2
Muse,2
Logic,2
Martina McBride,2
Maddie & Tae,2
Lauren Duski,2
Midland,2
Lil Skies,2
Ludacris,2
Lil Skies Featuring Landon Cube,2
Maluma,2
Little Mix,2
Metro Boomin Featuring 21 Savage,2
LMFAO,2
LOCASH,2
Lauren Alaina,2
Justin Bieber Featuring Big Sean,2
Kehlani,2
K. Michelle,2
Jacquees,2
Kevin Gates,2
Jessie J,2
Justin Bieber Featuring Ludacris,2
Javier Colon,2
Jay Z Kanye West,2
Jay Sean Featuring Lil Wayne,2
Iggy Azalea,2
Jordan Davis,2
J Balvin & Bad Bunny,2
Jordan Smith,2
John Legend,2
Iyaz,2
Gene Autry,2
fun.,2
Eminem Featuring Rihanna,2
Fergie,2
Future Featuring The Weeknd,2
Fetty Wap Featuring Monty,2
Dylan Scott,2
Fitz And The Tantrums,2
French Montana Featuring Drake,2
Glee Cast Featuring Ricky Martin,2
Future Featuring Drake,2
Gloriana,2
Gavin DeGraw,2
Echosmith,2
Glee Cast Featuring Jonathan Groff,2
Drake Featuring Rihanna,2
Frank Ocean,2
Granger Smith,2
Drake Featuring Giggs,2
Hailee Steinfeld,2
Foo Fighters,2
Drake Featuring Lil Wayne,2
Disclosure Featuring Sam Smith,2
Chris Cagle,2
Brothers Osborne,2
BTS,2
Cassadee Pope,2
DNCE,2
Charli XCX,2
Chase Bryant,2
Daya,2
"DJ Khaled Featuring Drake, Rick Ross & Lil Wayne",2
Desiigner,2
Calvin Harris Featuring Ellie Goulding,2
DJ Luke Nasty,2
Danielle Bradbery,2
DJ Khaled Featuring Drake,2
Ca$h Out,2
Carly Rae Jepsen,2
Daddy Yankee,2
Christina Aguilera,2
Big & Rich,2
Bazzi,2
Big Time Rush,2
2 Chainz Featuring Travis Scott,2
Bebe Rexha,2
AJR,2
Bobby Shmurda,2
2 Chainz,2
B.o.B,2
Ariana Grande Featuring Nicki Minaj,2
Andy Williams,2
blackbear,2
Tinie Tempah Featuring Wiz Khalifa,1
Wiz Khalifa Featuring Swae Lee,1
Walker Hayes,1
The Weeknd Featuring Future,1
YG,1
T-Pain Featuring B.o.B,1
Young Thug Featuring Gunna & Lil Baby,1
T-Pain Featuring Chris Brown,1
will.i.am Featuring Mick Jagger & Jennifer Lopez,1
T-Pain Featuring Joey Galaxy,1
XXXTENTACION x Lil Pump Featuring Maluma & Swae Lee,1
T-Pain Featuring Lil Wayne,1
Ylvis,1
T-Pain Featuring Rick Ross,1
Young Money Featuring Drake,1
T-Pain Featuring Wiz Khalifa & Lily Allen,1
Zac Brown Band Featuring Jimmy Buffett,1
The Neighbourhood,1
Timbaland Featuring Drake,1
The Weeknd Featuring Kendrick Lamar,1
Wisin Featuring Ozuna,1
Train Featuring Ashley Monroe,1
Timbaland Featuring Katy Perry,1
Travie McCoy Featuring Bruno Mars,1
Yella Beezy,1
Travie McCoy Featuring Jason Mraz,1
YG Featuring Jeezy & Rich Homie Quan,1
The Weeknd Featuring Lana Del Rey,1
Yo Gotti,1
Travis Porter Featuring Tyga,1
Young Jeezy Featuring Ne-Yo,1
The White Buffalo & The Forest Rangers,1
TK Kravitz Featuring Jacqueez,1
Travis Scott Featuring Lil Uzi Vert & Kanye West,1
"Young Thug, J. Cole & Travis Scott",1
Trevor Daniel,1
Zara Larsson & MNEK,1
Theory Of A Deadman,1
Tim McGraw With Taylor Swift,1
The Script Featuring will.i.am,1
will.i.am & Nicki Minaj,1
Trey Songz Featuring Fabolous,1
WILLOW,1
The Swon Brothers,1
Wiz Khalifa Featuring Charlie Puth,1
Trey Songz Featuring T.I.,1
Wiz Khalifa Featuring Too $hort,1
Trinidad James,1
XXXTENTACION Featuring Kanye West & Travis Barker,1
Thomas Rhett Featuring Maren Morris,1
YBN Nahmir,1
Trippie Redd Featuring DaBaby,1
YFN Lucci Featuring Migos & Trouble,1
Trippie Redd Featuring Juice WRLD,1
YG Featuring Drake,1
Trippie Redd Featuring Juice WRLD & YNW Melly,1
"YG, Tyga & Jon Z",1
Trippie Redd Featuring Kodie Shane,1
YNW Melly & 9lokknine,1
Trippie Redd Featuring Lil Baby & Lil Duke,1
Yo Gotti Featuring Lil Baby,1
Trippie Redd Featuring Travis Scott,1
Young Greatness,1
Troop 41,1
Young M.A,1
The Ready Set,1
Young Money Featuring Lloyd,1
T-Wayne,1
The Weeknd & Kendrick Lamar,1
Three Days Grace,1
Young Thug Featuring Lil Uzi Vert,1
Twista Featuring Chris Brown,1
The Weeknd Featuring Ed Sheeran,1
Ty Dolla $ign Featuring B.o.B,1
Zach Sobiech,1
Ty Dolla $ign Featuring E-40,1
Tim McGraw With Catherine Dunn,1
Ty Dolla $ign Featuring Future & Rae Sremmurd,1
WE the Kings Featuring Demi Lovato,1
Ty Dolla $ign Featuring Wiz Khalifa & DJ Mustard,1
Wham!,1
Tyga,1
will.i.am & Britney Spears,1
Tyga & Nicki Minaj,1
will.i.am Featuring Justin Bieber,1
"Tyga Featuring Cedric Gervais, Wiz Khalifa & Mally Mall",1
William Michael Morgan,1
Tyga Featuring Chris Richardson,1
Wisin Featuring Jennifer Lopez & Ricky Martin,1
Tyga Featuring Lil Wayne,1
Timbaland Featuring Justin Timberlake,1
Tyga Featuring Offset,1
Wiz Khalifa Featuring Snoop Dogg & Ty Dolla $ign,1
Tyga Featuring Rick Ross,1
Wiz Khalifa Featuring The Weeknd,1
Tyga Featuring Young Thug,1
Wiz Khalifa Featuring Ty Dolla $ign,1
Tiesto & Dzeko Featuring Preme & Post Malone,1
Tinashe Featuring ScHoolboy Q,1
Tiesto Featuring Matthew Koma,1
XXXTENTACION Featuring PnB Rock & Trippie Redd,1
U2,1
Y2K & bbno$,1
Ugly God,1
YC Featuring Future,1
Uncle Kracker,1
"Yella Beezy, Gucci Mane & Quavo",1
The Revivalists,1
YFN Lucci Featuring PnB Rock,1
Usher Featuring Jay-Z,1
"YG Featuring 2 Chainz, Big Sean & Nicki Minaj",1
Usher Featuring Juicy J,1
YG Featuring Drake & Kamaiyah,1
Zay Hilfigerrr & Zayion McCall,1
"YG Featuring Tyga, Snoop Dogg & Nipsey Hussle",1
Zayn / Taylor Swift,1
YK Osiris,1
Zayn Featuring Sia,1
Tinie Tempah Featuring Eric Turner,1
Zedd Featuring Foxes,1
YNW Melly Featuring Kanye West,1
Zedd Featuring Jon Bellion,1
Yo Gotti Featuring E-40,1
"Zedd, Maren Morris & Grey",1
Yo Gotti Featuring Lil Wayne,1
Van Halen,1
Yolanda Be Cool & Dcup,1
Vance Joy,1
Young Jeezy Featuring 2 Chainz,1
Vicci Martinez,1
Young Jeezy Featuring Plies,1
Tim McGraw & Faith Hill,1
Young Money,1
Waka Flocka Flame,1
Young Money Featuring Gucci Mane,1
Waka Flocka Flame Featuring Drake,1
Young The Giant,1
Waka Flocka Flame Featuring Kebo Gotti,1
Young Thug And Travis Scott Featuring Quavo,1
Waka Flocka Flame Featuring Roscoe Dash & Wale,1
Tones And I,1
Wale,1
Young Thug Featuring Lil Baby,1
Tim McGraw Featuring Faith Hill,1
Young Thug Featuring Machine Gun Kelly,1
Wale Featuring Jeremih & Rick Ross,1
The Ronettes,1
Wale Featuring Kid Cudi,1
Zac Brown Band Featuring Alan Jackson,1
Wale Featuring Miguel,1
Zac Efron & Zendaya,1
"Wale Featuring Rick Ross, Meek Mill & T-Pain",1
Tory Lanez & Rich The Kid,1
Wale Featuring Sam Dew,1
Tory Lanez & T-Pain,1
Wale Featuring Usher,1
Usher Featuring Nicki Minaj,1
Zayn Featuring PARTYNEXTDOOR,1
Usher Featuring Pitbull,1
Zedd & Alessia Cara,1
Usher Featuring Rick Ross,1
Zedd Featuring Hayley Williams,1
Usher Featuring will.i.am,1
Zedd Featuring Selena Gomez,1
Usher Featuring Young Thug,1
Zendaya,1
V V Brown,1
Usher Featuring Plies,1
Roscoe Dash Featuring Soulja Boy Tell'em,1
"SZA, The Weeknd & Travis Scott",1
Starley,1
Runaway June,1
Taylor Swift Featuring Ed Sheeran & Future,1
Rod Wave,1
The Game Featuring Drake,1
Russ & BIA,1
Summer Walker & Usher,1
Rihanna & Kanye West & Paul McCartney,1
Taio Cruz Featuring Ke$ha,1
Sade,1
Tessanne Chin,1
Sage The Gemini,1
The Chainsmokers Featuring Halsey,1
Sage The Gemini Featuring IamSu!,1
Robin Thicke Featuring T.I. + Pharrell,1
Sage The Gemini Featuring Nick Jonas,1
Steve Holy,1
Rihanna Featuring Britney Spears,1
Swae Lee Featuring Drake,1
Rihanna Featuring Calvin Harris,1
T.I. Featuring Keri Hilson,1
Sam Smith & Normani,1
Tank,1
Sam Smith Featuring Logic,1
Tee Grizzley,1
Rihanna Featuring Chris Brown,1
"The Barden Bellas, The Treblemakers & The BU Harmonics",1
Rod Wave & Kevin Gates,1
The Chainsmokers & Illenium Featuring Lennon Stella,1
Sarah Jeffery,1
The Chainsmokers Featuring XYLO,1
Saweetie,1
"Sofi Tukker Featuring NERVO, The Knocks & Alisa Ueno",1
Sawyer Fredericks,1
Soulja Boy Tell'em,1
Robin Thicke Featuring Kendrick Lamar,1
Steve Aoki & Louis Tomlinson,1
ScHoolboy Q + Travis Scott,1
Romeo Santos,1
ScHoolboy Q Featuring 21 Savage,1
Summer Walker X Drake,1
ScHoolboy Q Featuring BJ The Chicago Kid,1
Romeo Santos Featuring Drake,1
ScHoolboy Q Featuring Kanye West,1
T.I. Featuring Eminem,1
ScHoolboy Q Featuring Kendrick Lamar,1
T.I. Featuring Young Thug,1
"ScHoolboy Q, 2 Chainz & Saudi",1
Taio Cruz Featuring Travie McCoy,1
Rihanna Featuring David Guetta,1
Rixton,1
Sean Kingston Featuring Chris Brown & Wiz Khalifa,1
Taylor Swift Featuring The Civil Wars,1
Sean Kingston Featuring Nicki Minaj,1
Tegan And Sara,1
Sean Paul Featuring Alexis Jordan,1
Rob $tone Featuring J. Davi$ & Spooks,1
"Sech, Darell, Nicky Jam, Ozuna & Anuel AA",1
The Black Eyed Peas X J Balvin,1
Seether,1
The Chainsmokers & Bebe Rexha,1
Roddy Ricch & Gunna,1
The Chainsmokers Featuring Daya,1
Rihanna Featuring Future,1
The Chainsmokers Featuring Phoebe Ryan,1
Selena Gomez Featuring A$AP Rocky,1
The FiNATTiCZ,1
Selena Gomez Featuring Gucci Mane,1
The JaneDear Girls,1
Selena Gomez X Marshmello,1
Solange,1
Sevyn Streeter Featuring Chris Brown,1
Sophia Grace,1
SHAED,1
Spose,1
"Shaggy Featuring Mohombi, Faydee, Costi",1
Steel Magnolia,1
Rihanna Featuring Jay-Z,1
"Steve Aoki, Chris Lake & Tujamo Featuring Kid Ink",1
Shakira Featuring Dizzee Rascal,1
Steven Tyler,1
Shakira Featuring Freshlyground,1
Summer Walker,1
Shakira Featuring Lil Wayne,1
Summer Walker Featuring Jhene Aiko,1
Shakira Featuring Maluma,1
Sunny Sweeney,1
Shakira Featuring Rihanna,1
Swedish House Mafia Featuring John Martin,1
Rihanna Featuring Mikky Ekko,1
SZA Featuring Travis Scott,1
Roddy Ricch Featuring A Boogie Wit da Hoodie,1
T.I.,1
Shawn Mendes Featuring Khalid,1
T.I. Featuring Iggy Azalea,1
Shawn Mendes X Zedd,1
Romeo Santos Featuring Nicky Jam & Daddy Yankee,1
Sheck Wes,1
Taio Cruz,1
Sheppard,1
Taio Cruz Featuring Ludacris,1
Sheryl Crow,1
Tamar Braxton,1
Rihanna Featuring Slash,1
Tay-K,1
Shontelle,1
Taylor Swift Featuring Ed Sheeran,1
Riley Green,1
Taylor Swift Featuring Kendrick Lamar,1
The Lonely Island Featuring Akon,1
Tech N9Ne Featuring 2 Chainz & B.o.B,1
Sia Featuring Sean Paul,1
TeeFLii Featuring 2 Chainz,1
Sick Puppies,1
Terry McDermott,1
Silk City x Dua Lipa,1
Romeo Santos Featuring Usher,1
Ski Mask The Slump God,1
The Barden Bellas,1
Ski Mask The Slump God Featuring Juice WRLD,1
Rocko Featuring Future & Rick Ross,1
Skrillex,1
Roscoe Dash,1
Skrillex & Diplo With Justin Bieber,1
Robin Schulz Featuring Francesco Yates,1
The Killers,1
The Chainsmokers & Coldplay,1
Roddy Ricch Featuring Meek Mill,1
The Chainsmokers Featuring 5 Seconds Of Summer,1
Slaughterhouse Featuring Eminem,1
The Chainsmokers Featuring Emily Warren,1
Snoop Dogg,1
The Chainsmokers Featuring Kelsea Ballerini,1
Snoop Dogg & Wiz Khalifa Featuring Bruno Mars,1
The Chainsmokers Featuring Rozes,1
Snoop Dogg Featuring The-Dream,1
The Dirty Heads Featuring Rome,1
Snootie Wild Featuring K Camp,1
"Ross Lynch, Grace Phipps And Jason Evigan",1
Snow Patrol,1
The Game Featuring Jeremih,1
Snow Patrol Featuring Martha Wainwright,1
Rudimental Featuring Ed Sheeran,1
SOB X RBE,1
Skrillex & Rick Ross,1
Sia Featuring Kendrick Lamar,1
SoMo,1
Quavo Featuring Lil Baby,1
Plies,1
Mustard Featuring Roddy Ricch,1
Missy Elliott Featuring Lamb,1
Post Malone Featuring Swae Lee,1
My Chemical Romance,1
Rascal Flatts Featuring Natasha Bedingfield,1
Nick Jonas Featuring Tove Lo,1
"Pitbull Featuring Ne-Yo, Afrojack & Nayer",1
My Darkest Days Featuring Zakk Wylde,1
Post Malone Featuring DaBaby,1
Missy Elliott Featuring Pharrell Williams,1
PSY,1
Nicki Minaj Featuring 2 Chainz,1
Morgan Wallen Featuring Florida Georgia Line,1
Nicki Minaj Featuring Ariana Grande,1
Rich Homie Quan Featuring Problem,1
Nicki Minaj Featuring Beyonce,1
Pitbull Featuring Jennifer Lopez & Claudia Leitte,1
Nicki Minaj Featuring Chris Brown,1
Pitbull x El Chombo x Karol G Featuring Cutty Ranks,1
Nicki Minaj Featuring Drake,1
Portugal. The Man,1
Nicki Minaj Featuring Drake & Lil Wayne,1
Post Malone Featuring Meek Mill & Lil Baby,1
"Nicki Minaj Featuring Drake, Lil Wayne & Chris Brown",1
NERO,1
N*E*R*D & Rihanna,1
New Boyz Featuring Iyaz,1
Nicki Minaj Featuring Rihanna,1
R. City Featuring Adam Levine,1
Nicki Minaj X Mike WiLL Made-It,1
RaeLynn,1
"Nicki Minaj, Drake & Lil Wayne",1
Rej3ctz,1
Nat King Cole,1
Rick Ross Featuring Drake & Chrisette Michele,1
Nicky Jam & Enrique Iglesias,1
Pitbull Featuring Flo Rida & LunchMoney Lewis,1
Nicky Jam x J Balvin,1
Pitbull Featuring Ke$ha,1
Nicky Jam X Ozuna,1
Pitbull Featuring T-Pain,1
Natalie La Rose Featuring Jeremih,1
Playboi Carti,1
Nicole Scherzinger Featuring 50 Cent,1
PnB Rock,1
Nipsey Hussle Featuring Belly & DOM KENNEDY,1
Post Malone & Swae Lee,1
Nipsey Hussle Featuring Kendrick Lamar,1
Post Malone Featuring G-Eazy & YG,1
Nipsey Hussle Featuring Roddy Ricch & Hit-Boy,1
Post Malone Featuring Ozzy Osbourne & Travis Scott,1
Nipsey Hussle Featuring YG,1
Post Malone Featuring Ty Dolla $ign,1
Natasha Bedingfield,1
Prince Royce,1
No Doubt,1
Pusha T Featuring Kanye West,1
Noah Cyrus Featuring Labrinth,1
Quavo Featuring 21 Savage,1
Normani,1
Queen,1
O.T. Genasis,1
R. Kelly Featuring 2 Chainz,1
O.T. Genasis Featuring Young Dolph,1
Rae Sremmurd Featuring Gucci Mane,1
Of Monsters And Men,1
Mr. Probz,1
Offset,1
Rebecca Black,1
Nate Ruess,1
Rich Gang Featuring Young Thug & Rich Homie Quan,1
Offset Featuring Cardi B,1
Rich The Kid Featuring Kendrick Lamar,1
OG Maco Featuring 2 Chainz,1
Rick Ross Featuring Kanye West & Big Sean,1
Mitchell Tenpenny,1
Pitbull Featuring Enrique Iglesias,1
Olly Murs Featuring Chiddy Bang,1
Pitbull Featuring G.R.L.,1
Olly Murs Featuring Flo Rida,1
Pitbull Featuring John Ryan,1
Omarion Featuring Chris Brown & Jhene Aiko,1
Pitbull Featuring Marc Anthony,1
OMI,1
Pitbull Featuring TJR,1
MKTO,1
Pitbull Featuring T-Pain & Sean Paul,1
Moneybagg Yo X Megan Thee Stallon,1
Plain White T's,1
Opetaia Foa'i & Lin-Manuel Miranda,1
"Mustard featuring NAV, Playboi Carti & A Boogie Wit da Hoodie",1
Orianthi,1
Plies Featuring Kodak Black,1
Outasight,1
Polo G Featuring Lil Tjay,1
Natti Natasha x Ozuna,1
Morgan Evans,1
Owl City & Carly Rae Jepsen,1
Post Malone Featuring 21 Savage,1
Ozuna & Romeo Santos,1
Post Malone Featuring Future & Halsey,1
Ozuna x Cardi B,1
Post Malone Featuring Justin Bieber,1
Ozuna x Daddy Yankee x J Balvin x Farruko x Anuel AA,1
Post Malone Featuring Nicki Minaj,1
Naughty Boy Featuring Sam Smith,1
Post Malone Featuring Quavo,1
Mindless Behavior Featuring Diggy,1
Post Malone Featuring SZA,1
P!nk Featuring Lily Allen,1
Post Malone Featuring Young Thug,1
P!nk Featuring Nate Ruess,1
Morgan Wallen,1
Montgomery Gentry,1
Prince Royce Featuring Snoop Dogg,1
Rick Ross Featuring Wale & Drake,1
New Boyz Featuring Chris Brown,1
Rico Love,1
Pusha T Kanye West,1
NAV Featuring Lil Uzi Vert,1
Quavo & Lil Yachty,1
PARTYNEXTDOOR,1
Quavo Featuring Drake,1
PARTYNEXTDOOR Featuring Drake,1
Quavo Featuring Travis Scott,1
Passenger,1
Queen Naija,1
Passion Pit,1
R. Kelly,1
Pearl Jam,1
New Boyz Featuring Ray J,1
Rick Ross Featuring Styles P,1
Rae Sremmurd & Juicy J,1
NAV Featuring Meek Mill,1
Rae Sremmurd Featuring Nicki Minaj & Young Thug,1
Mustard & Migos,1
Rag'n'Bone Man,1
Nelly Featuring Jeremih,1
Miranda Cosgrove,1
Phoenix,1
Ray J Featuring Bobby Brackins,1
Pia Mia Featuring Chris Brown & Tyga,1
New Boyz Featuring The Cataracs & Dev,1
PIKOTARO,1
"Rich Gang Featuring Lil Wayne, Birdman, Future, Mack Maine, Nicki Minaj",1
Pinkfong,1
Miranda Lambert Duet With Carrie Underwood,1
Pistol Annies,1
Ne-Yo Featuring Juicy J,1
Nelly Featuring Keri Hilson,1
Rick Ross Featuring Chris Brown,1
Pitbull & Ne-Yo,1
Rick Ross Featuring Jay-Z,1
Pitbull Featuring Akon,1
Rick Ross Featuring Nicki Minaj,1
Pitbull Featuring Chris Brown,1
Pitbull Featuring Christina Aguilera,1
Pedro Capo X Farruko,1
Pardison Fontaine Featuring Cardi B,1
P!nk Featuring Chris Stapleton,1
Mario,1
LANCO,1
Matt McAndrew,1
Lil Baby & Gunna,1
MAGIC!,1
Lil Baby & Gunna Featuring Drake,1
Marshmello Featuring Khalid,1
Lil Baby Featuring Future,1
"Meek Mill Featuring T.I., Birdman, Lil Wayne, DJ Khaled, Rick Ross & Swizz Beatz",1
Lil Baby Featuring Gunna & Lil Uzi Vert,1
Macklemore & Ryan Lewis Featuring Wanz,1
Lil Dicky,1
Maluma X Nego do Borel,1
Lil Dicky Featuring Chris Brown,1
Maroon 5 Featuring SZA,1
Lil Dicky Featuring Fetty Wap & Rich Homie Quan,1
Lifehouse,1
Lil' Duval Featuring Snoop Dogg & Ball Greezy,1
Meek Mill Featuring Chris Brown & Nicki Minaj,1
Lil Jon Featuring LMFAO,1
Kygo Featuring Miguel,1
Lil Jon Featuring Tyga,1
Lil Baby & Drake,1
Lil Mosey,1
MadeinTYO,1
Lil Mosey x Gunna,1
Major Lazer Featuring Justin Bieber & MO,1
Lil Nas X,1
Lady Gaga Featuring Beyonce,1
Lil Nas X & Cardi B,1
Maroon 5 Featuring Cardi B,1
Lil Nas X Featuring Billy Ray Cyrus,1
Marshmello & Anne-Marie,1
Lil Peep & iLoveMakonnen Featuring Fall Out Boy,1
Martin Garrix & Dua Lipa,1
Lil Peep & XXXTENTACION,1
Mary Mary,1
Kygo x Selena Gomez,1
MAX Featuring gnash,1
Lauv,1
Meek Mill Featuring Fabolous & Anuel AA,1
Lauv & Troye Sivan,1
"Megan Thee Stallion, Nicki Minaj & Ty Dolla $ign",1
Lil Skies Featuring Yung Pinch,1
Michael Jackson & Justin Timberlake,1
Lil Tecca,1
Migos Featuring Gucci Mane,1
Lil Tjay,1
Macklemore & Ryan Lewis Featuring Ray Dalton,1
Kristen Bell & Idina Menzel,1
Macklemore Featuring Skylar Grey,1
Lil Uzi Vert Featuring Nicki Minaj,1
Madonna Featuring Nicki Minaj & M.I.A.,1
Kygo X Whitney Houston,1
"Major Lazer Featuring Bruno Mars, Tyga & Mystic",1
Lil Wayne & Charlie Puth,1
Major Lazer Featuring PARTYNEXTDOOR & Nicki Minaj,1
Lil Wayne Featuring Big Sean,1
Marc Anthony,1
Lil Wayne Featuring Bruno Mars,1
Lady Gaga Featuring R. Kelly,1
Lil Wayne Featuring Cory Gunz,1
Mark Ronson Featuring Miley Cyrus,1
Lil Wayne Featuring Detail,1
Maroon 5 Featuring Future,1
KYLE Featuring Lil Yachty,1
Marsha Ambrosius,1
Lil Wayne Featuring Drake & Future,1
Marshmello & Kane Brown,1
Lil Wayne Featuring Eminem,1
Martin Garrix,1
Lil Wayne Featuring Kendrick Lamar,1
Martin Garrix Featuring Macklemore & Patrick Stump,1
Lil Wayne Featuring Nicki Minaj,1
Mary J. Blige Featuring Drake,1
Lil Wayne Featuring Rick Ross,1
matchbox twenty,1
Lil Wayne Featuring XXXTENTACION,1
Matt Stell,1
"Lil Wayne, Wiz Khalifa & Imagine Dragons With Logic & Ty Dolla $ign Feat. X Ambassadors",1
Meek Mill,1
Lil Xan,1
Kygo Featuring Conrad,1
Lil Yachty,1
Meek Mill Featuring Kirko Bangz,1
Lil Yachty Featuring NBA YoungBoy,1
Megan Thee Stallion,1
Lillywood & Robin Schulz,1
Meghan Trainor Featuring John Legend,1
Lindsey Pavao,1
Metro Boomin Featuring Offset & Drake,1
La Roux,1
Lana Del Rey Featuring The Weeknd,1
Linkin Park Featuring Kiiara,1
Migos Featuring DJ Khaled,1
Linkin Park X Steve Aoki,1
Migos Featuring Post Malone,1
Lin-Manuel Miranda Featuring Artists For Puerto Rico,1
Macklemore & Ryan Lewis Featuring Mary Lambert,1
Labrinth Featuring Emeli Sande,1
Macklemore & Ryan Lewis Featuring ScHoolboy Q & Hollis,1
"Layton Greene, Lil Baby, City Girls & PnB Rock",1
Macklemore Featuring Kesha,1
"Labrinth, Sia & Diplo Present... LSD",1
Liam Payne & Rita Ora,1
Lloyd,1
Madonna Featuring Nicki Minaj,1
Lloyd Banks Featuring Juelz Santana,1
Maejor Ali Featuring Juicy J & Justin Bieber,1
Lloyd Featuring Andre 3000 & Lil Wayne,1
Major Lazer & DJ Snake Featuring MO,1
Lea Michele,1
Major Lazer Featuring Ellie Goulding & Tarrus Riley,1
LMFAO Featuring Lauren Bennett & GoonRock,1
Major Lazer Featuring Nyla & Fuse ODG,1
LMFAO Featuring Lil Jon,1
Liam Payne Featuring Quavo,1
Kris Allen,1
Mann,1
Lee DeWyze,1
Marc E. Bassy Featuring G-Eazy,1
Logic & Marshmello,1
Maren Morris Featuring Vince Gill,1
Logic Featuring Alessia Cara & Khalid,1
Marian Hill,1
Logic Featuring Eminem,1
Mark Ronson Featuring Bruno Mars,1
Lord Huron,1
"Kristen Bell, Agatha Lee Monn & Katie Lopez",1
Kreayshawn,1
Maroon 5 Featuring Christina Aguilera,1
Loren Allred,1
Maroon 5 Featuring Kendrick Lamar,1
Loud Luxury Featuring Brando,1
Maroon 5 Featuring Wiz Khalifa,1
Louis Tomlinson Featuring Bebe Rexha & Digital Farm Animals,1
Marshmello,1
Love And Theft,1
Marshmello & Bastille,1
lovelytheband,1
Marshmello Featuring CHVRCHES,1
Lucy Hale,1
"Marshmello, Tyga & Chris Brown",1
Lewis Capaldi,1
Martin Garrix & Bebe Rexha,1
Ludacris Featuring Kelly Rowland,1
Martin Garrix Featuring Khalid,1
Ludacris Featuring Miguel,1
Martin Solveig & Dragonette,1
Ludacris Featuring Nicki Minaj,1
Mary J. Blige,1
Ludacris Featuring Trey Songz,1
Mary Lambert,1
Ludacris Featuring Usher & David Guetta,1
Mason Ramsey,1
Luis Fonsi & Daddy Yankee Featuring Justin Bieber,1
Matisyahu,1
Luis Fonsi & Demi Lovato,1
Matt Nathanson,1
Krewella,1
Matthew Schuler,1
Kristen Bell & Santino Fontana,1
Maxwell,1
Luke Bryan Featuring Karen Fairchild,1
Meek Mill Featuring Cardi B,1
Milky Chance,1
Meek Mill Featuring Chris Brown & Ty Dolla $ign,1
KONGOS,1
Meek Mill Featuring Ella Mai,1
Miguel Featuring Travis Scott,1
Meek Mill Featuring Jeremih & PnB Rock,1
Mike Posner Featuring Lil Wayne,1
Meek Mill Featuring Rick Ross & JAY-Z,1
Kungs vs Cookin' On 3 Burners,1
Meek Mill Featuring Tory Lanez,1
Lupe Fiasco & Guy Sebastian,1
Megan Thee Stallion Featuring DaBaby,1
Lupe Fiasco Featuring Ed Sheeran,1
Lana Del Rey & Cedric Gervais,1
Lupe Fiasco Featuring MDMA,1
Melanie Fiona,1
Lupe Fiasco Featuring Skylar Grey,1
Metro Boomin Featuring Gunna,1
Lupe Fiasco Featuring Trey Songz,1
MGK Featuring Waka Flocka Flame,1
"Migos, Nicki Minaj & Cardi B",1
Michael Jackson Duet With Akon,1
Miguel Featuring J. Cole,1
Lil Baby & DaBaby,1
Lady Gaga & Bradley Cooper,1
Migos Featuring 21 Savage,1
Machine Gun Kelly,1
Migos Featuring Drake,1
Machine Gun Kelly Featuring Hailee Steinfeld,1
Migos Featuring Lil Uzi Vert,1
Machine Gun Kelly x Camila Cabello,1
Migos Featuring Travis Scott,1
"Machine Gun Kelly, X Ambassadors & Bebe Rexha",1
"Macklemore & Ryan Lewis Featuring Eric Nally, Melle Mel, Kool Moe Dee & Grandmaster Caz",1
M83.,1
Lauren Daigle,1
Mabel,1
"Lunay, Daddy Yankee & Bad Bunny",1
"Mike WiLL Made-It Featuring Miley Cyrus, Wiz Khalifa & Juicy J",1
LunchMoney Lewis,1
Kygo & Imagine Dragons,1
Lupe Fiasco,1
Luke Combs & Brooks & Dunn,1
"Ke$ha Featuring Lil Wayne, Wiz Khalifa, T.I. & Andre 3000",1
Hunter Hayes Featuring Jason Mraz,1
"Kevin Rudolf Featuring Birdman, Jay Sean, & Lil Wayne",1
Jamie Foxx Featuring Justin Timberlake & T .I.,1
Kanye West Jay Z,1
Jamie N Commons & X Ambassadors,1
Kendrick Lamar & SZA,1
Iggy Azalea Featuring Jennifer Hudson,1
Kirk Franklin,1
Janelle Monae & Jidenna,1
Kane Brown Featuring Lauren Alaina,1
Janet & Daddy Yankee,1
Katy Perry Featuring Kanye West,1
Janet Featuring J. Cole,1
Keith Urban Featuring Eric Church,1
Jaron And The Long Road To Love,1
Kenny Chesney Featuring P!nk,1
Hoodie Allen Featuring Ed Sheeran,1
James Newton Howard Featuring Jennifer Lawrence,1
Jason Aldean Featuring Miranda Lambert,1
J Balvin,1
Jason Aldean With Kelly Clarkson,1
Jacquees X Dej Loaf,1
Jason Aldean With Luke Bryan & Eric Church,1
Kanye West Featuring Paul McCartney,1
Hot Chelle Rae,1
Jaheim,1
Jason Derulo Featuring 2 Chainz,1
Katy Perry Featuring Snoop Dogg,1
Jason Derulo Featuring Nicki Minaj & Ty Dolla $ign,1
Kehlani Featuring Ty Dolla $ign,1
Jason Derulo Featuring Snoop Dogg,1
Kelly Rowland,1
Jason Mraz,1
Kendrick Lamar Featuring Zacari,1
Iyaz Featuring Travie McCoy,1
Kesha,1
"Jay Rock, Kendrick Lamar, Future & James Blake",1
Khalid & Normani,1
J Balvin & Willy William Featuring Beyonce,1
Kiesza,1
Jay Sean Featuring Nicki Minaj,1
Justin Bieber Featuring Halsey,1
Jay Sean Featuring Pitbull,1
Justin Bieber Featuring Usher,1
Jay Sean Featuring Sean Paul & Lil Jon,1
Justin Timberlake Featuring JAY Z,1
Jay Z Featuring Justin Timberlake,1
Kaleo,1
Jay Z Featuring Rick Ross,1
Kanye West & Lil Pump,1
High Valley,1
Kanye West Featuring T.I.,1
Jay Z Kanye West Featuring Frank Ocean,1
"Kanye West, Gucci Mane, Big Sean, 2 Chainz, Travi$ Scott, Yo Gotti, Quavo, Desiigner",1
Jay Z Kanye West Featuring Otis Redding,1
I Prevail,1
J. Cole Featuring Amber Coffman & The Cults,1
Katy Perry Featuring Nicki Minaj,1
Jay-Z + Alicia Keys,1
KCamp Featuring 2 Chainz,1
Jay-Z + Mr. Hudson,1
Keala Settle & The Greatest Showman Ensemble,1
Jay-Z + Swizz Beatz,1
Keith Urban And Miranda Lambert,1
"Jay-Z, Rihanna & Kanye West",1
Kellie Pickler,1
Jazmine Sullivan,1
Idina Menzel & AURORA,1
Jennifer Lopez,1
Kendrick Lamar Featuring Rihanna,1
Jennifer Lopez Featuring DJ Khaled & Cardi B,1
Kenny Chesney & Tim McGraw,1
Jennifer Lopez Featuring Iggy Azalea Or Pitbull,1
Kent Jones,1
Jennifer Lopez Featuring Lil Wayne,1
James Bay,1
J. Cole Featuring Miguel,1
Ingrid Michaelson,1
Jeremih,1
"Khalid, Ty Dolla $ign & 6LACK",1
Jeremih Featuring 50 Cent,1
Kid Ink Featuring Fetty Wap,1
Jeremih Featuring J. Cole,1
Jamie Foxx Featuring Chris Brown,1
Jeremih Featuring YG,1
Jamie Foxx Featuring Drake,1
Iggy Azalea Featuring M0,1
Justin Bieber Featuring Jaden Smith,1
Jess Glynne,1
Justin Bieber Featuring Nicki Minaj,1
Jesse McCartney,1
Hey Violet,1
Jesse McCartney Featuring T-Pain,1
Justin Timberlake Featuring Chris Stapleton,1
J. Cole Featuring Missy Elliott,1
K Camp,1
Jessie J Featuring 2 Chainz,1
Kacey Musgraves,1
Jessie J Featuring B.o.B,1
"Hustle Gang Featuring T.I., B.o.B, Kendrick Lamar & Kris Stephens",1
"Jessie J, Ariana Grande & Nicki Minaj",1
I LOVE MAKONNEN Featuring Drake,1
"Jhay Cortez, J Balvin & Bad Bunny",1
"Kanye West Featuring Jay-Z, Rick Ross, Bon Iver & Nicki Minaj",1
Jhene Aiko Featuring Swae Lee Or Rae Sremmurd,1
Kanye West Featuring Pusha T,1
Jidenna Featuring Roman GianArthur,1
"Kanye West Featuring Theophilus London, Allan Kingdom & Paul McCartney",1
Jimmie Allen,1
"Kanye West, Big Sean, Pusha T, 2 Chainz",1
Jimmy Fallon Featuring will.i.am,1
"Kanye West, Jay-Z, Big Sean",1
Kodak Black Featuring Lil Wayne,1
Karol G & Nicki Minaj,1
Kodak Black Featuring XXXTENTACION,1
Katy Perry Featuring Juicy J,1
J. Cole Featuring TLC,1
Katy Perry Featuring Migos,1
J. Cole Featuring Trey Songz,1
Katy Perry Featuring Skip Marley,1
John Legend Featuring Ludacris,1
Katy Tiz,1
Iggy Azalea Featuring Rita Ora,1
Ke$ha Featuring 3OH!3,1
John Newman,1
Ke$ha Featuring will.i.am Or Juicy J,1
Joji,1
Hillsong UNITED,1
K'Naan Featuring Nelly Furtado,1
Icona Pop Featuring Charli XCX,1
Hot Chelle Rae Featuring New Boyz,1
Keith Urban Featuring Carrie Underwood,1
Jonas Blue Featuring Dakota,1
Keith Urban Featuring Julia Michaels,1
iLoveMemphis,1
Idina Menzel,1
Jonn Hart Featuring IamSU!,1
Kelly Rowland Featuring Lil Wayne,1
J. Dash,1
Idina Menzel & Evan Rachel Wood,1
Jack Johnson,1
Kendrick Lamar Featuring Drake,1
Josh Kelley,1
Kendrick Lamar Featuring U2,1
Josh Thompson,1
James Arthur,1
Iggy Azalea Featuring Charli XCX,1
Kenny Chesney Featuring Grace Potter,1
Joyner Lucas & Chris Brown,1
Kenny Chesney With Grace Potter,1
Joyner Lucas Featuring Logic,1
Keri Hilson,1
Hozier,1
Kesha Featuring The Dap-Kings Horns,1
K'Naan,1
Kevin Gates Featuring August Alsina,1
Juice WRLD Featuring Lil Uzi Vert,1
Keyshia Cole Featuring Lil Wayne,1
Juicy J Featuring Big Sean & Young Jeezy,1
Khalid & Kane Brown,1
Juicy J Featuring Lil Wayne & 2 Chainz,1
Khalid Featuring A Boogie Wit da Hoodie,1
Juicy J Featuring Wale & Trey Songz,1
Kid Cudi Featuring Kanye West,1
"Juicy J, Wiz Khalifa & Ty Dolla $ign Featuring Kill The Noise & Madsonik",1
Kid Ink Featuring DeJ Loaf,1
Julia Michaels,1
Kid Ink Featuring Usher & Tinashe,1
Juliet Simms,1
Kiiara,1
"Hugh Jackman, Keala Settle, Zac Efron, Zendaya & The Greatest Showman Ensemble",1
"Internet Money, Lil Tecca & A Boogie Wit da Hoodie",1
Justin Bieber + BloodPop,1
Kirko Bangz,1
Jacob Sartorius,1
Justin Bieber Featuring Chance The Rapper,1
Juice WRLD & YoungBoy Never Broke Again,1
Jon Bellion,1
Kodak Black Featuring Travis Scott & Offset,1
GoldLink Featuring Brent Faiyaz & Shy Glizzy,1
Future Featuring Travis Scott,1
"French Montana Featuring Post Malone, Cardi B & Rvssian",1
Edens Edge,1
Eazy-E,1
Edward Maya & Vika Jigulina,1
Gwyneth Paltrow,1
Dr. Dre Featuring Eminem & Skylar Grey,1
Future & Juice WRLD,1
Ella Henderson,1
G-Eazy & Halsey,1
Drake Featuring Quavo & Travis Scott,1
"Drake Featuring Kanye West, Lil Wayne & Eminem",1
Elle King,1
Gucci Mane & Nicki Minaj,1
Dr. Dre Featuring Snoop Dogg & Akon,1
Hailee Steinfeld & Alesso Featuring Florida Georgia Line & Watt,1
Ellie Goulding & Juice WRLD,1
Frenship & Emily Warren,1
Ellie Goulding X Diplo Featuring Swae Lee,1
Future Featuring Lil Wayne,1
Emblem3,1
Garrett Hedlund & Leighton Meester,1
Doja Cat,1
G-Eazy Featuring Marc E. Bassy,1
Eminem Featuring Dr. Dre,1
Gesaffelstein & The Weeknd,1
Eminem Featuring Ed Sheeran,1
Glen Campbell,1
Eminem Featuring Joyner Lucas,1
Green Day,1
Eminem Featuring Lil Wayne,1
Gucci Mane Featuring Usher,1
Eminem Featuring Nate Ruess,1
Gyptian,1
Drake Featuring Rick Ross,1
French Montana Featuring Kodak Black,1
Eminem Featuring Royce Da 5'9,1
French Montana Featuring Swae Lee,1
Empire Cast Featuring Estelle & Jussie Smollett,1
fun. Featuring Janelle Monae,1
Empire Cast Featuring Jussie Smollett & Yazz,1
Dwayne Johnson,1
Empire Of The Sun,1
Future Featuring Rihanna,1
Enrique Iglesias,1
"Game Featuring Chris Brown, Tyga, Wiz Khalifa & Lil Wayne",1
Enrique Iglesias Featuring Descemer Bueno & Gente de Zona,1
Don Toliver,1
"Enrique Iglesias Featuring Descemer Bueno, Zion & Lennox Or Sean Paul",1
G-Eazy Featuring A$AP Rocky & Cardi B,1
Enrique Iglesias Featuring Juan Luis Guerra,1
G-Eazy Featuring Yo Gotti & YBN Nahmir,1
Enrique Iglesias Featuring Pitbull,1
George Ezra,1
Enrique Iglesias Featuring Sammy Adams,1
Drake Featuring Kanye West,1
Enrique Iglesias Featuring Wisin,1
Glee Cast Featuring Olivia Newton-John,1
Enrique Iglesias With Usher Featuring Lil Wayne,1
gnash Featuring Olivia O'Brien,1
Doja Cat & Tyga,1
Grace Featuring G-Eazy,1
Eric Church Featuring Rhiannon Giddens,1
Grouplove,1
Drake Featuring Majid Jordan,1
Gucci Mane Featuring Migos,1
Erykah Badu,1
Gunna,1
Ester Dean Featuring Chris Brown,1
Gym Class Heroes Featuring Neon Hitch,1
Fabolous,1
Hadouken!,1
Fabolous Featuring Chris Brown,1
Drake Featuring Michael Jackson,1
Drake Featuring 2 Chainz & Big Sean,1
French Montana Featuring Nicki Minaj,1
Famous Dex,1
"French Montana Featuring Rick Ross, Drake, Lil Wayne",1
Famous Dex Featuring A$AP Rocky,1
French Montana Featuring The Weeknd & Max B,1
Fantasia,1
Don Omar & Lucenzo,1
Far*East Movement Featuring Cataracs & Dev,1
Drake Featuring JAY-Z,1
Far*East Movement Featuring Ryan Tedder,1
Future & Young Thug Featuring Offset,1
"Farruko, Nicki Minaj, Bad Bunny, 21 Savage & Rvssian",1
Future Featuring Kanye West,1
Fat Joe & Dre Featuring Eminem & Mary J. Blige,1
"Future Featuring Pharrell, Pusha T & Casino",1
Fat Joe Featuring Chris Brown,1
Drake Featuring Nicki Minaj,1
"Fat Joe, Remy Ma & Jay Z Featuring French Montana & Infared",1
Galantis,1
Drake Featuring Sampha,1
"Game Featuring Lil Wayne & Tyler, The Creator",1
Drake Featuring 2 Chainz & Young Thug,1
Gary Allan,1
Drake Featuring T.I. & Swizz Beatz,1
G-Eazy,1
Fetty Wap Featuring Remy Boyz,1
G-Eazy & Kehlani,1
Drake Featuring 21 Savage,1
G-Eazy Featuring Chris Brown & Tory Lanez,1
Halsey Featuring Big Sean & Stefflon Don,1
G-Eazy Featuring Remo,1
Drake Featuring Birdman,1
G-Eazy x Bebe Rexha,1
Fifth Harmony Featuring Ty Dolla $ign,1
General Larry Platt,1
Drake Featuring The Throne,1
Drake Featuring Jorja Smith & Black Coffee,1
FLETCHER,1
Ghost Town DJ's,1
Flipp Dinero,1
Glee Cast Featuring 2Cellos,1
Drake Featuring Future,1
Drake Featuring PARTYNEXTDOOR,1
Flo Rida Featuring Akon,1
"Dove Cameron, Cameron Boyce, Booboo Stewart & Sofia Carson",1
Flo Rida Featuring David Guetta,1
Ed Sheeran & Justin Bieber,1
Hailee Steinfeld & Grey Featuring Zedd,1
Godsmack,1
Flo Rida Featuring Robin Thicke & Verdine White,1
Gotye Featuring Kimbra,1
Flo Rida Featuring Sia,1
Ed Sheeran & Travis Scott,1
Drake Featuring The Weeknd,1
Greg Bates,1
Drake Featuring WizKid & Kyla,1
Gucci Mane,1
Florida Georgia Line Featuring Backstreet Boys,1
Gucci Mane Featuring Drake,1
Florida Georgia Line Featuring Luke Bryan,1
Gucci Mane Featuring Plies Or OJ Da Juiceman,1
Florida Georgia Line Featuring Nelly,1
Gucci Mane X Bruno Mars X Kodak Black,1
Florida Georgia Line Featuring Tim McGraw,1
Ed Sheeran Featuring Camila Cabello & Cardi B,1
Flume Featuring Kai,1
Gym Class Heroes Featuring Adam Levine,1
Drake Featuring Young Thug,1
Gym Class Heroes Featuring Ryan Tedder,1
"Dreamville Featuring J. Cole, Lute & DaBaby",1
H.E.R.,1
Dreezy Featuring Jeremih,1
Ed Sheeran Featuring Chance The Rapper & PnB Rock,1
Driicky Graham,1
Ed Sheeran Featuring Khalid,1
French Montana,1
Flo Rida Featuring Jason Derulo,1
Hannah Huston,1
Fifth Harmony Featuring Fetty Wap,1
Havana Brown Featuring Pitbull,1
Fifth Harmony Featuring Kid Ink,1
Flo Rida & 99 Percent,1
Calvin Harris Featuring Kehlani & Lil Yachty,1
Dan + Shay & Justin Bieber,1
"DJ Khaled Featuring Justin Bieber, Quavo, Chance The Rapper & Lil Wayne",1
Bridgit Mendler,1
David Guetta Featuring Nicki Minaj,1
Cardi B & Bruno Mars,1
Diplo Presents Thomas Wesley Featuring Morgan Wallen,1
Cardi B Featuring 21 Savage,1
DLOW,1
Cardi B Featuring Kehlani,1
David Guetta & Chris Willis Featuring Fergie & LMFAO,1
Cardi B Featuring Migos,1
Calvin Harris Featuring Future & Khalid,1
Cardi B Featuring SZA,1
Diddy - Dirty Money Featuring Drake,1
"Cardi B, Bad Bunny & J Balvin",1
"DJ Khaled Featuring Chris Brown, August Alsina, Future & Jeremih",1
Carly Pearce,1
"DJ Khaled Featuring T-Pain, Ludacris, Snoop Dogg & Rick Ross",1
Brandy Featuring Chris Brown,1
Daddy Yankee & Katy Perry Featuring Snow,1
Britney Spears & Iggy Azalea,1
DaniLeigh Featuring Chris Brown,1
Carrie Underwood Featuring Ludacris,1
David Guetta Featuring Jennifer Hudson,1
Cascada,1
David Guetta Featuring Sia & Fetty Wap,1
Casey James,1
Dean Lewis,1
Cash Cash Featuring Bebe Rexha,1
Dev,1
Cashmere Cat Featuring Ariana Grande,1
Dierks Bentley Featuring Brothers Osborne,1
"Casper Magico, Nio Garcia, Darell, Nicky Jam, Ozuna & Bad Bunny",1
"DJ Drama Featuring Chris Brown, Skeme & Lyquin",1
Britney Spears Featuring G-Eazy,1
Camila Cabello Featuring Young Thug,1
Chance The Rapper,1
DJ Khaled Featuring Nipsey Hussle & John Legend,1
Chance The Rapper Featuring Lil Wayne & 2 Chainz,1
DJ Snake Featuring Bipolar Sunshine,1
Chance The Rapper Featuring MadeinTYO & DaBaby,1
DaBaby Featuring Offset,1
Britney Spears Featuring Nicki Minaj & Ke$ha,1
Daft Punk Featuring Pharrell Williams,1
Britt Nicole,1
Daniel Caesar Featuring Kali Uchis,1
Charlie Puth Featuring Kehlani,1
Calvin Harris Featuring Frank Ocean & Migos,1
Charlie Puth Featuring Meghan Trainor,1
David Guetta Featuring Chris Brown & Lil Wayne,1
Charlie Puth Featuring Selena Gomez,1
David Guetta Featuring Kid Cudi,1
Charlie Worsham,1
David Guetta Featuring Rihanna,1
Broadway For Orlando,1
David Guetta Featuring Usher,1
Boys Like Girls Featuring Taylor Swift,1
Dawin,1
Cheat Codes Featuring Demi Lovato,1
DeJ Loaf,1
Chedda Da Connect,1
Dennis Lloyd,1
Cher Lloyd,1
Devin Dawson,1
Chief Keef,1
Diddy - Dirty Money Featuring T.I.,1
Chief Keef Featuring Lil Reese,1
Diggy Featuring Jeremih,1
Brantley Gilbert + Lindsay Ell,1
Disturbed,1
Chris Blue,1
DJ Khaled Featuring Beyonce & JAY Z,1
Bruno Mars & Cardi B,1
"DJ Khaled Featuring Chris Brown, Rick Ross, Nicki Minaj & Lil Wayne",1
Chris Brown & Tyga,1
"DJ Khaled Featuring JAY Z, Future & B",1
Chris Brown Featuring Aaliyah,1
"DJ Khaled Featuring Meek Mill, J Balvin, Lil Baby & Jeremih",1
Chris Brown Featuring Benny Benassi,1
DJ Khaled Featuring Rihanna & Bryson Tiller,1
Chris Brown Featuring Drake,1
DJ Snake & AlunaGeorge,1
Chris Brown Featuring Gunna,1
"DJ Snake Featuring Selena Gomez, Ozuna & Cardi B",1
Chris Brown Featuring Kevin K-MAC McCall,1
DaBaby Featuring Lil Baby & Moneybagg Yo,1
Chris Brown Featuring Lil Wayne & Busta Rhymes,1
Calvin Harris & Sam Smith,1
Chris Brown Featuring Lil Wayne & French Montana Or Too $hort Or Tyga,1
Dae Dae,1
Chris Brown Featuring Lil Wayne & Swizz Beatz,1
Calvin Harris Featuring Ayah Marar,1
Chris Brown Featuring Ludacris,1
Daniel Caesar Featuring H.E.R.,1
Chris Brown Featuring Nicki Minaj,1
Brad Paisley Duet With Carrie Underwood,1
Chris Brown Featuring Tyga & Kevin McCall,1
Calvin Harris Featuring Florence Welch,1
Chris Brown Featuring Usher & Gucci Mane,1
Dave Matthews Band,1
Chris Brown Featuring Usher & Rick Ross,1
David Guetta Featuring Akon,1
"Chris Brown Featuring Yo Gotti, A Boogie Wit da Hoodie & Kodak Black",1
David Guetta Featuring Flo Rida & Nicki Minaj,1
Bryce Vine,1
David Guetta Featuring Justin Bieber,1
Chris Jamison,1
David Guetta Featuring Ne-Yo & Akon,1
Bryce Vine Featuring YG,1
"David Guetta Featuring Nicki Minaj, Bebe Rexha & Afrojack",1
Brantley Gilbert Featuring Justin Moore & Thomas Rhett,1
David Guetta Featuring Sia,1
Chris Lane Featuring Tori Kelly,1
David Guetta Featuring Taio Cruz & Ludacris,1
Breaking Benjamin,1
David Lee Murphy & Kenny Chesney,1
BTS Featuring Desiigner,1
David Nail Featuring Sarah Buxton,1
Chris Young Duet With Cassadee Pope,1
Calvin Harris Featuring John Newman,1
Chris Young Featuring Vince Gill,1
Dean Martin,1
BTS Featuring Halsey,1
DeJ Loaf Featuring Big Sean,1
Christina Aguilera & Beverly McClellan,1
Demi Lovato Featuring Cher Lloyd,1
Christina Aguilera With Blake Shelton,1
"Calvin Harris Featuring Pharrell Williams, Katy Perry & Big Sean",1
Christina Grimmie,1
Dev Featuring The Cataracs,1
Burl Ives,1
Calvin Harris Featuring Rihanna,1
Christina Perri Featuring Steve Kazee,1
Diddy - Dirty Money Featuring Skylar Grey,1
Breathe Carolina,1
Cam,1
Ciara Featuring Ludacris,1
Dierks Bentley Featuring Elle King,1
Ciara Featuring Nicki Minaj,1
Dillon Francis & DJ Snake,1
City Girls,1
Brad Paisley Featuring Alabama,1
City Girls Featuring Cardi B,1
"DJ Drama Featuring 2 Chainz, Meek Mill & Jeremih",1
Clay Walker,1
DJ ESCO Featuring Future & Lil Uzi Vert,1
Clean Bandit Featuring Jess Glynne,1
DJ Khaled Featuring Cardi B & 21 Savage,1
Clean Bandit Featuring Julia Michaels,1
"DJ Khaled Featuring Chris Brown, Lil Wayne & Big Sean",1
Clean Bandit Featuring Sean Paul & Anne-Marie,1
Camila Cabello Featuring DaBaby,1
Cobra Starship,1
DJ Khaled Featuring Jay Z & Future,1
Cobra Starship Featuring Sabi,1
"DJ Khaled Featuring Justin Bieber, Chance The Rapper & Quavo",1
Cody Johnson,1
DJ Khaled Featuring Kanye West & Rick Ross,1
Cage The Elephant,1
"DJ Khaled Featuring Nicki Minaj, Chris Brown, August Alsina, Jeremih, Future & Rick Ross",1
Calboy,1
"DJ Khaled Featuring Rick Ross, Plies, Lil Wayne & T-Pain",1
Coldplay Featuring Rihanna,1
DJ Khaled Featuring SZA,1
Cali Swag District,1
Canaan Smith,1
Brenda Lee,1
DJ Snake & Lil Jon,1
Calvin Harris & Disciples,1
DJ Snake Featuring Justin Bieber,1
Craig Wayne Boyd,1
DJ Suede The Remix God,1
D.R.A.M. Featuring Lil Yachty,1
Capital Cities,1
Calvin Harris & Dua Lipa,1
Clean Bandit Featuring Demi Lovato,1
Beyonce Featuring Nicki Minaj Or Chimamanda Ngozi Adichie,1
B.o.B Featuring Hayley Williams,1
August Alsina,1
6ix9ine Featuring Nicki Minaj & Kanye West,1
2 Chainz Featuring Kanye West,1
6ix9ine Featuring Nicki Minaj & Murda Beatz,1
Big Sean Featuring Wiz Khalifa,1
6ix9ine Featuring Tory Lanez,1
Avicii Featuring Aloe Blacc,1
"6ix9ine, Fetty Wap & A Boogie Wit da Hoodie",1
Backstreet Boys,1
6LACK,1
Ben Rector,1
6LACK Featuring J. Cole,1
Big Sean Featuring Chris Brown,1
2 Chainz Featuring Pharrell,1
Birdman Featuring Nicki Minaj & Lil Wayne,1
A Boogie Wit da Hoodie Featuring 6ix9ine,1
Austin Mahone Featuring Pitbull,1
A Boogie Wit da Hoodie Featuring DJ SPINKING,1
Ayo & Teo,1
A Boogie Wit da Hoodie Featuring Juice WRLD,1
B.o.B Featuring T.I. & Juicy J,1
A Boogie Wit da Hoodie Featuring Kodak Black,1
Bad Meets Evil,1
A Boogie Wit da Hoodie Featuring Offset & Tyga,1
Becky G,1
A Great Big World & Christina Aguilera,1
Beyonce Featuring Jack White,1
A Thousand Horses,1
Bhad Bhabie,1
A$AP Ferg Featuring Future,1
Big Sean Featuring Kanye West & John Legend,1
A$AP Ferg Featuring Nicki Minaj,1
6ix9ine Featuring DJ SPINKING,1
A$AP Rocky,1
Asher Roth,1
"A$AP Rocky Featuring Drake, 2 Chainz & Kendrick Lamar",1
Auli'i Cravalho,1
A$AP Rocky Featuring Moby,1
"21 Savage, Offset & Metro Boomin Featuring Travis Scott",1
A$AP Rocky Featuring ScHoolboy Q,1
Avril Lavigne Featuring Chad Kroeger,1
A$AP Rocky Featuring Skepta,1
B.o.B Featuring 2 Chainz,1
A$AP Rocky Featuring Skrillex,1
B.o.B Featuring Priscilla,1
Ace Hood,1
B.o.B Featuring Trey Songz,1
Ace Hood Featuring Chris Brown,1
Bad Bunny & Tainy,1
Ace Hood Featuring Future & Rick Ross,1
Bad Wolves,1
2 Chainz & Wiz Khalifa,1
50 Cent Featuring Ne-Yo,1
Adam Levine & Javier Colon,1
Becky G Featuring Bad Bunny,1
Adam Wakefield,1
"benny blanco, Halsey & Khalid",1
"2 Chainz Featuring Ty Dolla $ign, Trey Songz & Jhene Aiko",1
Beyonce Featuring Kendrick Lamar,1
Afrojack Featuring Chris Brown,1
"Beyonce, JAY-Z & Childish Gambino Featuring Oumou Sangare",1
Afrojack Featuring Eva Simons,1
6ix9ine Featuring A Boogie Wit da Hoodie,1
2 Chainz Featuring YG & Offset,1
Big Sean Featuring Drake,1
Akon,1
Big Sean Featuring Lil Wayne & Jhene Aiko,1
Alan Walker,1
6ix9ine Featuring Bobby Shmurda,1
Alec Benjamin + Alessia Cara,1
Birdman Featuring Lil Wayne,1
2 Chainz x Gucci Mane x Quavo,1
"Artists Of Then, Now & Forever",1
Alesso Featuring Tove Lo,1
A-Trak + Milo & Otis Featuring Rich Kidz,1
Alex Clare,1
August Alsina Featuring Trinidad James,1
Alexandra Stan,1
Austin Mahone,1
Ali Gatie,1
Ava Max,1
Alice Merton,1
24kGoldn,1
"2 Chainz, Drake & Quavo",1
2 Chainz Featuring Drake,1
Alicia Keys Featuring Miguel,1
AWOLNATION,1
Alicia Keys Featuring Nicki Minaj,1
3OH!3 Featuring Ke$ha,1
Alisan Porter,1
B.o.B Featuring Bruno Mars,1
Aloe Blacc,1
B.o.B Featuring Lil Wayne,1
Ambjaay,1
B.o.B Featuring Rivers Cuomo,1
American Authors,1
B.o.B Featuring Taylor Swift,1
Andrew McMahon In The Wilderness,1
Baauer,1
2 Chainz Featuring Ariana Grande,1
Bad Bunny,1
21 Savage & Metro Boomin,1
Bad Bunny Featuring Drake,1
Anna Kendrick,1
Bad Meets Evil Featuring Bruno Mars,1
Anne Hathaway,1
Bastille,1
Ant Saunders,1
Bazzi Featuring Camila Cabello,1
Antoine Dodson & The Gregory Brothers Featuring Kelly Dodson,1
Bebe Rexha & Florida Georgia Line,1
Anuel AA & Karol G,1
Becky G + Natti Natasha,1
Anuel AA & Romeo Santos,1
Belly Featuring The Weeknd,1
"Anuel AA, Daddy Yankee, Karol G, Ozuna & J Balvin",1
benny blanco & Juice WRLD Featuring Brendon Urie,1
Arctic Monkeys,1
"benny blanco, Tainy, Selena Gomez & J Balvin",1
Blac Youngsta,1
Beyonce Featuring James Blake,1
21 Savage & Metro Boomin Featuring Future,1
Beyonce Featuring Lady Gaga,1
"""Weird Al"" Yankovic",1
Beyonce Featuring The Weeknd,1
Blake Shelton Featuring Ashley Monroe,1
"Beyonce, SAINt JHN & Wizkid Featuring Blue Ivy Carter",1
Blake Shelton Featuring Pistol Annies & Friends,1
2 Chainz Featuring Kendrick Lamar,1
Blanco Brown,1
Big Sean & Metro Boomin Featuring 21 Savage,1
Blueface,1
Big Sean Featuring Chris Brown & Ty Dolla $ign,1
Bobby Brackins Featuring Ray J,1
Big Sean Featuring E-40,1
"21 Savage, Offset & Metro Boomin",1
Big Sean Featuring Kanye West & Roscoe Dash,1
"21 Savage, Offset & Metro Boomin Featuring Quavo",1
Big Sean Featuring Nicki Minaj,1
Ariana Grande Featuring Zedd,1
6ix9ine Featuring Anuel AA,1
"Ariana Grande, Miley Cyrus & Lana Del Rey",1
Billie Eilish & Khalid,1
Arianna Featuring Pitbull,1
Birdman Featuring Drake & Lil Wayne,1
Arizona Zervas,1
Birdman Featuring Lil Wayne & Drake,1
Armin van Buuren Featuring Trevor Guthrie,1
6ix9ine Featuring Lil Baby,1
Artists For Haiti,1
BLACKPINK,1
Ariana Grande & Nathan Sykes,1
Blake Shelton & Dia Frampton,1
Ariana Grande & Social House,1
Blake Shelton Featuring Gwen Sebastian,1
Ariana Grande & The Weeknd,1
Blake Shelton Featuring Trace Adkins,1
Ariana Grande & Victoria Monet,1
BlocBoy JB Featuring Drake,1
Ariana Grande Featuring Big Sean,1
Blueface & Rich The Kid,1
Ariana Grande Featuring Future,1
Bobby Helms,1
Ariana Grande Featuring Iggy Azalea,1
Bon Jovi,1
Ariana Grande Featuring Mac Miller,1
Bonnie McKee,1
The Mountain Goats,0
Zeal & Ardor,0
Tycho,0
Völund Smed,0
This Century,0
Vader,0
Tiamat,0
Víkingur Ólafsson,0
Yusuf / Cat Stevens,0
Valance Drakes,0
Wonders of Nature,0
Valesca Popozuda,0
Trio Elf,0
Van Canto,0
TroyBoi,0
Tommy James & The Shondells,0
Yonder Mountain String Band,0
Van William,0
Timecop1983,0
Tomppabeats,0
Unknown Mortal Orchestra,0
Vanessa Paradis,0
Toehider,0
Vantage,0
Wynton Kelly,0
Varien,0
Trifonic,0
VCTRE,0
The Raveonettes,0
Veil Of Maya,0
Tristam,0
Venom,0
Tuomas Rantanen,0
Venom Inc.,0
Yohuna,0
Vermillion Lies,0
The Rival Mob,0
VersaEmerge,0
Tim O'Neill,0
Vertical Worship,0
The Stooges,0
VibeSquaD,0
Uncle Tupelo,0
The Taxpayers,0
Urfaust,0
Vicente Fernández,0
TOBIAS LARSSON BAND,0
Vices I Admire,0
Zomboy,0
Tonight Alive,0
Woody Pitney,0
Vijay Prakash,0
Xavier Cugat,0
Viktoria Tolstoy,0
This Wild Life,0
Vincent de Moor,0
Yaeji,0
Vishal Dadlani,0
Yeasayer,0
Vishal-Shekhar,0
Yellowman,0
Visions of Atlantis,0
Thoushaltnot,0
Vital Remains,0
Three Drives On A Vinyl,0
Vitor Munhoz,0
Yma Sumac,0
Voia,0
TV Freaks,0
Volbeat,0
Twin Peaks,0
Volumes,0
The Riot Before,0
Vorssenn,0
Young Dro,0
Voyager,0
The Moonlandingz,0
TootArd,0
The Seldom Scene,0
Toothgrinder,0
The Soundcarriers,0
Tord Gustavsen Trio,0
Timonkey,0
The Third Bardo,0
Ultimatum,0
Waldeck,0
Ultra Vomit,0
Toro y Moi,0
Unholy,0
The Ungrateful,0
Urban Blight,0
The Unicorns,0
Tipling Rock,0
The Velvet Underground,0
The Swing Bot,0
Tourist,0
The New Mastersounds,0
The New Rob Van Bavel Trio,0
Zhou Long,0
Toxik,0
Tomasz Bednarczyk,0
The New Roses,0
Woo,0
The Ocean,0
Wun Two,0
Walker & Royce,0
The PropheC,0
The Okee Dokee Brothers,0
Xiaoyong Chen,0
Walter Trout,0
This Way To The Egress,0
Wande Coal,0
Thom Yorke,0
Wang Wen,0
Ya Levis,0
Warcollapse,0
Thomas Bergersen,0
Wasted Youth,0
Ycee,0
Watered,0
The Queers,0
Wayne Shorter,0
Yellow Claw,0
We Banjo 3,0
Thomas Schumacher,0
The Once,0
Thorium,0
Weather Factory,0
The Music Tapes,0
Weekend Nachos,0
Tristan Eckerson,0
The Palace Guards,0
Tropkillaz,0
Wes Leslie,0
Thy Art Is Murder,0
West Norwood Cassette Library,0
Tunes of Negation,0
Weyes Blood,0
tuXedoo,0
The Petulant,0
TV Girl,0
What So Not,0
Tides Of Man,0
Whipstriker,0
Yo Yo Honey Singh,0
White Denim,0
Yolanda Be Cool,0
The Pirouettes,0
Yolta,0
Wilco,0
York,0
Wild Child,0
Two Steps from Hell,0
Wild Front,0
Tim Hecker,0
Track Circuit,0
The Neptune Power Federation,0
The Poets Of Rhythm,0
The New Black,0
The Polynesians,0
The Shaking Sensations,0
Traitor,0
The Souljazz Orchestra,0
Trampa,0
The Stills,0
William Onyeabor,0
Times Of Grace,0
William Prince,0
U.D.O.,0
Willie Thrasher,0
The Sura Quintet,0
Tranquil Cove,0
Yuni Wa,0
Winterwolf,0
Yuval Ron,0
Trap City,0
The Swellers,0
The Wood Brothers,0
Underoath,0
Witchtrap,0
Zack Hemsey,0
The Worship Initiative,0
Upon A Burning Body,0
The Young Novelists,0
Zayde Wølf,0
Thelonious Monk,0
Us3,0
The Profane,0
Tiwa Savage,0
Thergothon,0
Zedd,0
They Dream By Day,0
TM Juke,0
Trevor Jackson,0
The Monotone Droner,0
Wizex,0
Todd Terry,0
Wolf and Willow,0
Zero Bedroom Apartment,0
Wolfgang Haffner,0
Zlatan,0
Wolfgang Lohr,0
(blank),
Wolfgang Mitterer,0
Wolfpack,0
Shatta Wale,0
Skarra Mucci,0
Thad Jones,0
Sleeping At Last,0
The KVB,0
Sleepy Dogs,0
Shining,0
Sleepy Fish,0
Satanika,0
Slowpop,0
Roza Terenzi,0
Smaxone,0
Rise Against,0
Smile Empty Soul,0
Sandy Rivera,0
Snail's House,0
Shlohmo,0
Rule 22,0
The Assist,0
Roberta Gambarini,0
Sid Sriram,0
Scibex,0
The Downtown Fiction,0
Scientist,0
The Idle Race,0
Scooter,0
The Maine,0
Scott Hamilton,0
Talla 2XLC,0
Snowy White,0
Tape Five,0
Rupert Gregson-Williams,0
Team Ghost,0
Sodré,0
Teni,0
Screamfeeder,0
Testament,0
Sofie Svensson,0
The Accüsed,0
Sean Downey,0
Showoff,0
Solefald,0
The Butterflies,0
Solitude Aeturnus,0
Scandinavian Metal Praise,0
Something Corporate,0
The Covasettes,0
Somewhere Off Jazz Street,0
The Essex Green,0
Riley Pearce,0
The Hold Steady,0
Sons of Freedom,0
Slaughter to Prevail,0
Roger Bäck,0
The London Suede,0
Soul Extract,0
Sleep On It,0
Roger Eno,0
Sam Tinnesz,0
Sparkly Night,0
Tame Impala,0
Spencer Day,0
TANUKI,0
SPIRIT DESCENT,0
Samini,0
Spiritbox,0
Rishi Rich,0
Spirits Of Our Dreams,0
Technohead,0
Spitback,0
Tekno,0
Spite,0
Teodor Wolgers,0
Splatinum,0
Shonlock,0
Spoon,0
Textures,0
Sean Slaughter,0
The 2 Inversions,0
Stan Getz,0
The Anix,0
Stanley Turrentine,0
The Bahama Soul Club,0
Starboy,0
The Black,0
Seaway,0
The Bobby Fuller Four,0
STARSET,0
Rowland S. Howard,0
Statik Selektah,0
Sidsel Endresen,0
Russell Haswell,0
Sister Rosetta Tharpe,0
Steel Panther,0
Scandroid,0
Stefanie Bennett,0
The Damn Truth,0
Stefano Patarnello,0
The Electric Swing Circus,0
Stella Donnelly,0
"Royce Da 5'9""",0
Stelvio Cipriani,0
The Gates Of Slumber,0
Stephan Jacobs,0
The House That Gloria Vanderbilt,0
Stephen Malkmus,0
Slapstick,0
Stereophonics,0
The Knocks,0
Sterling Void,0
The Landers,0
Seekae,0
Sledding With Tigers,0
S.dot,0
The Mighty Mighty Bosstones,0
Steve Hauschildt,0
Ron Sexsmith,0
Sachin-Jigar,0
Ronny Jordan,0
Steve Jablonsky,0
Tall Black Guy,0
Steve Petrunak,0
Sharry Mann,0
Steve Roach,0
Tangled Thoughts of Leaving,0
Steven C,0
Tankard,0
Steven Price,0
Tanya Gordon,0
SadDoLLs,0
Tapps,0
Stonebwoy,0
Samples,0
Stormwarrior,0
Rob De Nijs,0
Story Of The Year,0
Sara Watkins,0
Street Dogs,0
Rosewood Bape,0
Street to the Ocean,0
Sarah Slean,0
STRFKR,0
Shiro Schwarz,0
Stupeflip,0
Television,0
Sturgill Simpson,0
Tensei,0
Stutterfly,0
Terje Rypdal,0
Subtracters,0
Terry Riley,0
Subtronics,0
TesseracT,0
Subvert,0
Tetra Hydro K,0
Suffocation,0
Tha Playah,0
Roland Mercier,0
Sarke,0
Sugluk,0
The Acacia Strain,0
Suicide Silence,0
The American Dollar,0
Sukhbir,0
The Arcs,0
Rivers & Robots,0
The Avalanches,0
Rivstart,0
Should,0
Self Defense Family,0
Shreya Ghoshal,0
Sepultura,0
Sass Dragons,0
Summoning,0
Robert Armani,0
Sun Diego,0
The Books,0
Sun Glitters,0
The Carter Family,0
Sunidhi Chauhan,0
The Cats,0
Sunn 0))),0
Sidhu Moose Wala,0
Sergio Díaz De Rojas,0
Silent Knight,0
Sunrise Avenue,0
Silverstein,0
Super Furry Animals,0
Skales,0
Seth Gueko,0
Skeptical,0
Swedish House Mafia,0
School Of Seven Bells,0
Settle Your Scores,0
The Cross Movement,0
Swing Republic,0
Royal Blood,0
Swingrowers,0
The Duhks,0
SwuM,0
The Entrainment,0
Swutscher,0
Royal Republic,0
Sybreed,0
The Friday Night Boys,0
Sykelig Englen,0
Slaine,0
Synestesia,0
The Glands,0
Synthetic Breed,0
The House of Love,0
SEU Worship,0
The Hush Sound,0
Ripcordz,0
The Interbeing,0
Shadow of Intent,0
The Jesus and Mary Chain,0
Shadows Fall,0
The Killjoys,0
Sahlene Williams,0
The Kooks,0
Saib,0
The Lacs,0
Shakey Graves,0
The Living End,0
RL Grime,0
Robert Cray,0
Sam Manning,0
The Mahones,0
Tété,0
The Merrymen,0
Tab Benoit,0
The Modern Age Slavery,0
Taetre,0
Taiki Nulight,0
PSYQUI,0
Regina Mira,0
Omac,0
Mr Eazi,0
Power From Hell,0
Mr. Bill,0
ohbliv,0
New Life Worship,0
one sonic society,0
New Years Day,0
Oscar Peterson,0
Mr. Lif,0
Objekt,0
Miss K8,0
of Montreal,0
Mnemic,0
R3HAB,0
PØLI,0
Ramon Ayala Y Sus Bravos Del Norte,0
Pöbel MC,0
Real Friends,0
Pagandom,0
Only Sun,0
Palomo,0
Move D,0
Panda Bear,0
Prima Nocta,0
Panda Dub,0
Protohype,0
Pandrezz,0
Purity Ring,0
Nguyên Lê,0
Misery Index,0
Panjabi MC,0
Necrocurse,0
Panzerchrist,0
Ollie Macfarlane,0
Papik,0
Neha Kakkar,0
Muni Yogi,0
Rank 1,0
Muntah Kawat,0
Oneke,0
Murcof,0
Red Rocks Worship,0
Parov Stelar,0
Rend Collective,0
Nick Murphy / Chet Faker,0
Orden Ogan,0
Murs,0
OVERWERK,0
Moksi,0
Mordkey,0
Momentum,0
Powerwolf,0
Pasty Clan,0
Oak Pantheon,0
Pat Metheny,0
Procession,0
Pat The Bunny,0
ODESZA,0
Patrick Doyle,0
Pulsedriver,0
Patti Smith,0
Odunsi (The Engine),0
Paul Bley,0
Quartz,0
Paul Johnson,0
Navv Inder,0
Pauline Croze,0
Old 97's,0
Pav Dharia,0
Oliver Heldens,0
Pavvan,0
RŮDE,0
mommy,0
Neeti Mohan,0
Mon Cote Punk,0
Rage,0
Pegassi,0
Ramallah,0
MxPx,0
Ran Slavin,0
Pepe Aguilar,0
Ranveer Singh,0
Perfume Genius,0
Rat Hammer,0
Periphery,0
Rayvanny,0
Perturbator,0
Red Garland,0
Pestilence,0
Reel People,0
Peter Broderick,0
Reks,0
Peter Sandberg,0
Reyer,0
Miss May I,0
Oppenheimer Analysis,0
Phil Woods,0
Orion's Reign,0
Philip Glass,0
Otto Totland,0
My Darkest Days,0
Ricky Skaggs,0
Missing Andy,0
Nymano,0
Phos Toni,0
Nature Recordings,0
My Dying Bride,0
Powerslut,0
Piero Piccioni,0
Pray TV,0
Pig Destroyer,0
Primal Fear,0
Pigeon Hole,0
Obituary,0
Pijn,0
October Light,0
My Morning Jacket,0
Project 86,0
Pim Miles,0
Protomartyr,0
Pimps of Joytime,0
Psyanide,0
Myke Forte,0
Pulp,0
Piotr Miteska,0
Punch Brothers,0
Mystic Prophecy,0
Push,0
Myth Syzer,0
Minotauri,0
Monkey Business,0
PVRIS,0
Naira Marley,0
Of The Trees,0
Nalin & Kane,0
MitiS,0
Nana Grizol,0
Nebra,0
Nanahira,0
Olamide,0
Night Tempo,0
"quickly, quickly",0
Nightstop,0
Oliver Davis,0
Niigata,0
R. Stevie Moore,0
Nils Frahm,0
Réka Ioescu,0
Nina Miller,0
Rövballebandet,0
Nine Eleven,0
Necrophagia,0
Ninja Sex Party,0
Om Unit,0
Napalm Death,0
Nego do Borel,0
Narrow House,0
Raggarkungen,0
Monte La Rue,0
Rajasinga,0
Miracle Of Sound,0
Ramin Djawadi,0
Moon Laika,0
Ramshackle Glory,0
Nmesh,0
Ondskapt,0
No Bros,0
Rannar Sillard,0
Nate Fifield,0
Mors Principium Est,0
No Return,0
Rasmus Gozzi,0
Plini,0
Ray Guell,0
Morbid Angel,0
Raymix,0
POCAH,0
Razorlight,0
Poison Idea,0
Oneohtrix Point Never,0
Polo & Pan,0
Mortification,0
Noctiferia,0
Redimi2,0
Pony Pony Run Run,0
Regentum,0
Popeska,0
Onkel Tom,0
Nocturnal Depression,0
Remute,0
Noel Gallagher's High Flying Birds,0
RetroElectric Big Band,0
Nohidea,0
Rhiannon Bannenberg,0
Noisestorm,0
Mos Def,0
Nokae,0
Opus Finis,0
Nolwenn Leroy,0
Mosh36,0
Nathan Salsburg,0
Ornette Coleman,0
North Point Worship,0
Ottawa,0
Northlane,0
Mount Kimbie,0
Not Half Bad,0
Rick Wade,0
Novembers Doom,0
Rickyxsan,0
Novo Amor,0
Movements,0
Nuit Noire,0
Métal Urbain,0
McCoy Tyner,0
Mika Singh,0
Kool Keith,0
Lee Morgan,0
Kurt Elling,0
Michel Mondrain,0
Makoto,0
Max Styler,0
Mal Blum,0
Le Réparateur,0
Malukah,0
Mělník Philharmonic Orchestra,0
Kuselofte,0
Lil Wyte,0
Kraak & Smaak,0
Les Friction,0
Manchester Orchestra,0
Millind Gaba,0
Manilla Road,0
MC HotDog,0
Lambert,0
Meditation Music Masters,0
Manuel Lauren,0
Lecrae,0
Kraddy,0
LZ7,0
Kreator,0
Meniscus,0
Marc Kiss,0
Mexico City Atmospheres,0
Marc Mac,0
Michael Schulte,0
Marcella and The Forget Me Nots,0
Machinedrum,0
Marcin Wasilewski Trio,0
Liam Gallagher,0
Marco Antonio Solís,0
Little Dragon,0
Marcus Miller,0
Lightning Bolt,0
Marduk,0
Mayday Parade,0
Lock Up,0
MC Koringa,0
Konkhra,0
Mcrackins,0
Lance Allen,0
LCD Soundsystem,0
Kromestar,0
Krzysztof Penderecki,0
Maribou State,0
La Sonora Dinamita,0
Marilyn Scott,0
Mega Drive,0
Lando Chill,0
M83,0
Marionette,0
Memorain,0
Mark Farina,0
Metá Metá,0
Mark Farner,0
L'Entourloop,0
Logical Terror,0
Michael Finnissy,0
Lonewolf,0
Michael Nyman,0
Lonnie Brooks,0
Michalis Koumbios,0
Lopazz,0
Midnight,0
Lil Jon,0
Les Baxter,0
Lord Kitchener,0
Levellers,0
Lord Of Bass,0
Liquid Stranger,0
Lord Of The Lost,0
Lisa Lisa & Cult Jam,0
Lil Jon & The East Side Boyz,0
Kumbhaka,0
Langhorne Slim,0
Milow,0
Marshall Law,0
Max Richter,0
Lorne Balfe,0
La Femme,0
Los Acosta,0
MC G15,0
Los Alegres de la Sierra,0
MC Kekel,0
Los Angeles Azules,0
McCafferty,0
Los Cadetes De Linares,0
McKinley Mitchell,0
Los Huracanes del Norte,0
M-Dot,0
Los Llayras,0
Lazy Hammock,0
Martin Dupont,0
Le Prince Miiaou,0
Los Telez,0
Le Youth,0
Los Tigres Del Norte,0
Leather Chalice,0
Lantlôs,0
Led Er Est,0
Larry Sparks,0
Labh Janjua,0
Love & Light,0
Meese,0
Martin Phipps,0
LX Sweat,0
Martin Solveig,0
M. Geddes Gengras,0
Lars Graugaard,0
Left Boy,0
Love Sees No Color,0
Melvin Taylor,0
Martyn,0
Memoriam,0
Lars Schneemann,0
Meridian,0
Luciferion,0
Metal Command,0
Larz-Kristerz,0
LEISURE,0
Mary Lou Lord,0
Mew,0
Mary Lou Williams,0
Machinae Supremacy,0
Lucy In Disguise,0
Leo,0
Masahiro Sugaya,0
Michael Learns To Rock,0
Masala Roo,0
Leon Bridges,0
Mason Jennings,0
Michael Vincent Waller,0
Lasse Stefanz,0
Michel LeBond,0
Mass Hysteria,0
Leon Vynehall,0
Massacration,0
Mighty Sparrow,0
Massive Attack,0
Leonardo Da Vinyl,0
Mastic Scum,0
L'Impératrice,0
Late,0
Lingua Nada,0
Laura Fygi,0
Kudasaibeats,0
Matt Carlson,0
Kumar Sanu,0
Krut,0
Lisa Harris,0
Kyoto Jazz Massive,0
Mike Dunn,0
Matt Redman,0
Lack Of Afro,0
La Adictiva Banda San José de Mesillas,0
Mikkel Metal,0
La Arrolladora Banda El Limón De Rene Camacho,0
Living Death,0
Matty B,0
Millionaire,0
Mauro Picotto,0
Mindful Behaviour,0
La Féline,0
Max Frost,0
JFC,0
Jeff Lewis,0
John Coltrane,0
John Prine,0
iwrestledabearonce,0
John Rutter,0
Konane,0
John Story,0
Kirlian Camera,0
John Summit,0
Iron Savior,0
John Surman,0
Jesse Taylor,0
John Tavener,0
Kerion,0
Johnny O.,0
Khotin,0
Jackie McLean,0
King Heavy,0
Jacky Terrasson,0
Knowa Knowone,0
Helloween,0
Invincible Force,0
Hermitude,0
Isla Vista Worship,0
Hexer,0
Jerry Paper,0
Jadon Lavik,0
Helene Fischer,0
Hyper,0
Howard Goodman,0
Jai Paul,0
Hella,0
Jordy Maxwell,0
Joeboy,0
Joseph Sullinger,0
Johann Sebastian Bach,0
Joseph Tawadros,0
Kim Fowley,0
Hypocrisy,0
Kink,0
Josh Lee Hamilton,0
Klone,0
Jake Xerxes Fussell,0
Jazz Juice,0
Jakob Bro,0
Jenni Rivera,0
Joshua Hyslop,0
Iron Heade,0
Joshua Redman,0
Jenny Lewis,0
Joyner Lucas,0
Keith Jarrett,0
Hawk Nelson,0
Jeremy Warmsley,0
Heyoka,0
Holy Communion Instrumental Duo,0
JPEGMAFIA,0
Heavy Metal Perse,0
j'san,0
Jett Rebel,0
Jubin Nautiyal,0
Hot Hot Heat,0
Judah & the Lion,0
Jimmie Davis,0
Judas Priest,0
Jlin,0
I Will Never Be The Same,0
J.B.O.,0
James Ruskin,0
Józef Gatysik,0
Jamie Berry,0
Khiza,0
Juicy J,0
Kid Francescoli,0
Iannis Xenakis,0
John Cage,0
ICC,0
Killswitch Engage,0
Hidden Citizens,0
Kindbergs,0
Idealism,0
John Fahey,0
Julee Cruise,0
John Kane,0
Jamie xx,0
Kizz Daniel,0
Julie Lamontagne Trio,0
Jackal,0
Julien Baker,0
Jackie Gleason,0
Jan Garbarek,0
Jeezy,0
Julius Aston,0
Jeff Rosenstock,0
Jungle Rot,0
Intervals,0
Jupiter Grains,0
KC & The Sunshine Band,0
Justify Rebellion,0
K-Drama,0
Jan Hegenberg,0
I-Roy,0
Hideki Naganuma,0
Jens Buchert,0
High Tone,0
Ital Tek,0
Heavee,0
Ivo Phi,0
Highlands Worship,0
Jeremy Camp,0
Hildur Guðnadóttir,0
IXION,0
Heavy Heavy Low Low,0
Holocausto,0
Hiphop Tamizha,0
Izïa,0
Hiss Golden Messenger,0
Hong Kong Atmosphere,0
Justin Jay,0
Hord,0
Iggy Pop,0
Jessie Ware,0
Igorrr,0
Kenneth G,0
il:lo,0
Helhorse,0
ill.gates,0
Hovvdy,0
ill-esha,0
Kenny Wayne Shepherd,0
Illingsworth,0
Howard Shore,0
Hitch & Go,0
Jingo De Lunch,0
Kaitlyn Aurelia Smith,0
Job For A Cowboy,0
Jawad Ahmad,0
Kevin Morby,0
Kali Uchis,0
Keys N Krates,0
HNNY,0
Joe Bonamassa,0
Immolation,0
Joe Pass,0
Imperador Belial,0
Joell Ortiz,0
Imperius Profanus,0
Khoma,0
Imran Khan,0
Joep Beving,0
In Aeternam Vale,0
Joey Trap,0
In Her Own Words,0
John Butler Trio,0
In This Moment,0
Kidnap,0
Incognito,0
John Coltrane Quartet,0
Indochine,0
Kim English,0
Holger Czukay,0
Kimaera,0
Inigo Montoya,0
King Diamond,0
Innoss'B,0
King Promise,0
Kap Kap,0
Kings Of Tomorrow,0
Karma Violens,0
John Henriksson,0
Inon Zur,0
Helllight,0
Insanity Alert,0
Kiss Daniel,0
Kasabian,0
Kleinstadthelden,0
Kaskade,0
Jack Wins,0
Kastle,0
Knight Riderz,0
Kat Frankie,0
Knowmadic,0
Katie Noel,0
John Powell,0
Hollyridge Strings,0
Joby Talbot,0
Koh Lantana,0
Jodarok,0
Have A Nice Life,0
Joe Arroyo,0
Glitchy & Scratchy,0
Flake Music,0
Grimes,0
Emancipator,0
Ghostface Killah,0
Doctor P,0
GONZO,0
Dusk,0
Guru,0
Emerald Sun,0
Harris Cole,0
Emerging from the Cocoon,0
Giya Kancheli,0
Doomdogs,0
Einojuhani Rautavaara,0
Dwarves,0
eli filosov [ p h i l o ],0
Floating Lights,0
Felix Da Housecat,0
Doomshine,0
Fight The Fury,0
Florian Ostertag,0
Hannibal Buress,0
Dying Fetus,0
Gershon Jackson,0
Doro,0
Gibi ASMR,0
Dzihan & Kamien,0
Family Force 5,0
E.C. Illa,0
Goat the Head,0
Eïs,0
Goldie,0
Flosstradamus,0
Gouryella,0
Flughand,0
Greensky Bluegrass,0
Flume,0
Grupo G,0
Emmure,0
Dub Silence,0
FM LAETI,0
Duke Ellington,0
Emperor,0
Fit For An Autopsy,0
for KING & COUNTRY,0
Hammerfall,0
Forever The Sickest Kids,0
Hard-FI,0
Fort Knox Five,0
Haus of Panda,0
Forward Strategy Group,0
Getter,0
Earl Hooker,0
Ghusa,0
Four Year Strong,0
Girl Unit,0
Foxygen,0
Dropkick Murphys,0
Earl Sweatshirt,0
Edo. G,0
Frank White,0
Efence,0
Earthen Sea,0
GOBLIN KING,0
Frau Doktor,0
Gold Motel,0
Fred Mollin,0
Goldmund,0
Fred V & Grafix,0
Gorguts,0
Freddie Hubbard,0
Graham Coxon,0
Freddy Todd,0
Graveland,0
Freedom Call,0
Gregg Kowalsky,0
Freedom Dub,0
Feelds,0
Enbilulugugal,0
Grupo Los Kiero de Edgar Zacary,0
Endtime Odyssey,0
Eli Keszler,0
Endymion,0
Ducktails,0
Engelwood,0
Guts,0
Dollar Signs,0
György Kurtág,0
Eat Your Heart Out,0
Fireboy DML,0
Down To The Bone,0
Elm Street,0
Ebb & Flod,0
Flamin' Groovies,0
Frenchy and the Punk,0
Hank Jones,0
Echo & the Bunnymen,0
Harakiri for the Sky,0
Fresh Life Worship,0
Harold Budd,0
From The Dark,0
Elskavon,0
"FUCK ART, LET'S DANCE!",0
Eluvium,0
Echoes Of Yul,0
Fabulae Dramatis,0
Echoing Angels,0
Factory Floor,0
Funktimizer,0
Ghoul,0
Furze,0
Giacinto Scelsi,0
Fuse ODG,0
Gippy Grewal,0
Dr Zeus,0
Girlpool,0
Enslaved,0
Fakkboiz,0
Epic Score,0
FaltyDL,0
Future Breeze,0
Edguy,0
Epicycle,0
Dr. Sounds,0
Eptic,0
fantompower,0
Eric Bibb,0
Go Radio,0
Dre Murray,0
Goatwhore,0
Dream Koala,0
Godflesh,0
Eric Dolphy,0
Gold Lounge,0
Don Costa,0
Golden Resurrection,0
Future Islands,0
Elder Island,0
FX Sleep Creator,0
Gonzalo Rubalcaba,0
G Sidhu,0
Good Morning,0
Erik Satie,0
Electric Wizard,0
Galimatias,0
Elf Power,0
Gallery-81,0
Grand Magus,0
Erra,0
Grave Digger,0
Donatachi,0
FBG Duck,0
Gang Of Four,0
Fedel,0
Garden of Grief,0
Greta Van Fleet,0
Gare Du Nord,0
Grouper,0
Esperanza Spalding,0
Grupo Ensamble,0
Garry Sandhu,0
Grupo Jalado,0
Esquivel!,0
G-Space,0
Gary Clark Jr.,0
Felix Jaehn,0
Dr. Know,0
Dub Inc.,0
Gavin Luke,0
Duck Sauce,0
Eure Mütter,0
Duke Dumont,0
Eurielle,0
Guru Randhawa,0
Ever So Blue,0
Guy Clark,0
Everydayz,0
Duncan Fellows,0
Everyone Says,0
György Ligeti,0
Evil Activities,0
Fir Cone Children,0
Exhumed,0
Fireforce,0
Exmortem,0
Habstrakt,0
Expire,0
Flageladör,0
Gehennah,0
Flames,0
Exposé,0
Flavien Berger,0
Extreme Noise Terror,0
Hammerhands,0
Genetic Control,0
Fleddy Melculy,0
Geneva Jacuzzi,0
Hans Zimmer,0
Geoff Zanelli,0
Hard Excess,0
George Brigman,0
Harley Poe,0
Driveways,0
Harold Burrage,0
George FitzGerald,0
Harry Belafonte,0
George Frideric Handel,0
Hatti Vatti,0
Eddie Meduza,0
Flight Facilities,0
Georgia Anne Muldrow,0
Gerardo Ortiz,0
Die Türen,0
Deathstars,0
Clear Light,0
Corey Voss,0
De-Phazz,0
Craft,0
Chromatics,0
Craig Armstrong,0
DJ Sanj,0
Boys of Fall,0
Bugseed,0
Calibre 50,0
Devourment,0
Charles Ives,0
Dirt Rock Empire,0
Crass,0
Cashmere Cat,0
Crazy Daylight,0
CASTLEBEAT,0
Creative Calm ASMR,0
Dj Spinna,0
Crimson Dawn,0
Deerhunter,0
Crossface,0
Brandon Lay,0
Cruel Force,0
Butterfly Trajectory,0
Cryptic One,0
Caribou,0
Crywolf,0
Carousel Kings,0
Culture Code,0
Disgrace,0
Cute Is What We Aim For,0
DJ Isaac,0
Cygnus X,0
Boreal Massif,0
Cynic,0
Club des Belugas,0
D.O.A.,0
DJ Paul Elstak,0
Charles Koechlin,0
Cattle Decapitation,0
Charles Lloyd,0
Conflict,0
Charles Mingus,0
Deep Dive Corp.,0
Calling from afar,0
Defunk,0
Dabin,0
Delle Alpi,0
D-A-D,0
Chris Duke and the Royals,0
Brittany Howard,0
Destiny Potato,0
Breakbot,0
C. Da Afro,0
Broken Social Scene,0
Diamond Platnumz,0
Brooke Candy,0
Boudewijn de Groot,0
Daigo Hanada,0
Christian McBride,0
Damma Beatz,0
Carpathian Forest,0
Breakestra,0
Disaster,0
Chase & Status,0
窒息,0
Dan Andriano in the Emergency Room,0
Casanovas,0
Dan Mason ダン·メイソン,0
Cabaret Nocturne,0
Danakil,0
Claustrofobia,0
Danger Liker,0
Cass McCombs,0
Danger Radio,0
Clint Mansell,0
Dangerous,0
C-Murder,0
Brownout,0
DJ Muggs,0
Brad Mehldau,0
DJ Rashad,0
Daniel Pemberton,0
Cate le Bon,0
Brad Mehldau Trio,0
Caleb Belkin,0
Brutality,0
DJ T.,0
Danne Stråhed,0
Do,0
Darcy Baylis,0
Decapitated,0
Chelsea Grin,0
Deep Watch,0
Darkbuster,0
Def Cut,0
Darkthrone,0
CAPYAC,0
Darrell Mansfield,0
Delayde,0
Das Ding,0
Buku,0
Das Kabinette,0
Dennis Ferrer,0
Datsik,0
Deorro,0
Bryce Janey,0
Bushman'S Revenge,0
Dave Brubeck,0
Destruction,0
Cherrelle,0
C Bank feat. Diamond Eyes,0
David Arnold,0
Devin Townsend Project,0
Chet Baker,0
Chris Lorenzo,0
Born Of Osiris,0
Diana Krall,0
Bost & Bim,0
秋元薫,0
Chief State,0
Die Apokalyptischen Reiter,0
Chihei Hatakeyama,0
Carolina Chocolate Drops,0
Boston Manor,0
Caroline Polachek,0
Children Of Bodom,0
Diljit Dosanjh,0
Chon,0
Carpenter Brut,0
Calypso Rose,0
Dirty Honkers,0
Brian Eno,0
Cæcilie Norby,0
Camellia,0
Disparaged,0
Cameron DeLuca,0
DJ Deeon,0
Brian Tyler,0
"Chunk! No, Captain Chunk!",0
Brand of Sacrifice,0
dj funk,0
Buddy Guy,0
Cólera,0
Buffalo Springfield,0
Borknagar,0
David Lynch,0
Clap Your Hands Say Yeah,0
Candlemass,0
Cajmere,0
Cannibal Corpse,0
Cal Tjader,0
David Pfeffer,0
Boys Noize,0
David Rovics,0
Clinic,0
David Torn,0
Cloud Rat,0
DaVido,0
Clueless,0
Cantoma,0
Cassandra Wilson,0
Canton Jones,0
Dj Mad Dog,0
Dayglow,0
DJ Nate,0
Dayne S,0
DJ Pippi,0
Days N Daze,0
DJ Sakin,0
Dead Prez,0
DJ Shog,0
Deadstar,0
Cat's Eyes,0
Deafheaven,0
Cerebral Fix,0
Dean Blunt,0
DJ Spinall,0
Bugge Wesseltoft,0
Colin Matthews,0
Capstan,0
DJ Taye,0
Death,0
ConsciousThoughts,0
Deathchain,0
COOLRUNNINGS,0
Deathening,0
Ìxtahuele,0
Bleed From Within,0
Aidan Knight,0
Arve Henriksen,0
Benighted,0
Arvo Pärt,0
Big Thief,0
AS IT IS,0
Black Tiger Sex Machine,0
11 Acorn Lane,0
bo en,0
ASMR Fan Sounds,0
Bethlehem,0
ASMR Glow,0
Arbour,0
Assaulter,0
Agent K,0
Astarte,0
Black Crucifixion,0
Bonde do Tigrão,0
Ariel Kelly,0
Bonobo,0
Bloodgood,0
Atif Aslam,0
Bobo Stenson Trio,0
Atilla,0
Anthelion,0
Alela Diane,0
Antologie,0
Attila,0
Big D and the Kids Table,0
Attila Fias,0
[dunkelbunt],0
Au5,0
Bill Evans,0
Audio Lotion,0
Binary Finary,0
Audiomachine,0
Bizzle,0
クラシックバレエ クラブ,0
Black Light Smoke,0
Aaron Smith,0
Blackmill,0
August Burns Red,0
Arkham Witch,0
ALEX,0
Blood Ages,0
Aura Noir,0
Blue Stahli,0
Aurelio Voltaire,0
Bobby Hutcherson,0
Alex Christensen,0
Ben Webster,0
Abandoned By Light,0
Benny Benassi,0
Autopsy,0
Benny Sings,0
Alex Cortiz,0
Anti-System,0
Avantasia,0
Afrojack,0
Ave Air,0
Aphyxion,0
Abhi The Nomad,0
Apulanta,0
Alexandre Desplat,0
Archipel,0
Alexandre Navarro,0
Area 42,0
Abney Park,0
Bilal Saeed,0
Alice Coltrane,0
Bill Monroe,0
Abrasion,0
Ahmad Jamal,0
Axis,0
Bing & Ruth,0
Ayatollah,0
AJJ,0
Ayla,0
Black Asteroid,0
Accept,0
Black Debbath,0
747,0
Black Moth,0
A L E X,0
2WEI,0
7 H. Target,0
Al Gromer Khan,0
AceMo,0
Alabama Shakes,0
Amaranthe,0
Blastromen,0
Ad Inferos,0
Blindside,0
A Traitor Like Judas,0
Blood Region,0
Ana Olgica,0
Blue Mitchell,0
Anaal Nathrakh,0
3D Stas,0
Anamanaguchi,0
Arnold Schoenberg,0
Béla Fleck,0
Artist Vs Poet,0
Andreilien,0
Bondax,0
BABYMETAL,0
Benediction,0
Andrew Bird,0
Benjamin Wallfisch,0
Andrew Hill,0
An-Ten-Nae,0
A Winged Victory for the Sullen,0
Anthem Lights,0
Android Apartment,0
Bethel Music,0
75 Dollar Bill,0
Anthony Linell,0
Adekunle Gold,0
Aerocity,0
Angerfist,0
リアムMAZE1981,0
Badklaat,0
//Tense//,0
Badshah,0
Beyond Helvete,0
Bag Raiders,0
Apocryphal,0
Bali Bandits,0
Apoptygma Berzerk,0
Ballet L'école,0
Arbor Lights,0
Banda Carnaval,0
Arcanjo Ras,0
Banda El Recodo,0
Archspire,0
Banda Los Recoditos,0
Arcturus,0
Banda Los Sebastianes,0
After The Burial,0
Banda Sinaloense MS de Sergio Lizárraga,0
Afterlife,0
Banda Tierra Sagrada,0
Bill Charlap Trio,0
Bane,0
Bill Frisell,0
Barbara Tucker,0
Bill Monroe & His Blue Grass Boys,0
Barbatos,0
Agoraphobic Nosebleed,0
Barcelona Atmosphere,0
Billy Kenny,0
Barefoot Jerry,0
Binary One,0
Barns Courtney,0
Ahmad Jamal Trio,0
Barren Cross,0
AIKA,0
Barrio Jazz Gang,0
Biscaya,0
Angus Black,0
10 Years,0
Baths,0
Black Book Lodge,0
Battle Beast,0
Black Dawn,0
Battlerage,0
Black Elk,0
Bayonne,0
Black Metal Raccoons,0
Bayside,0
Black Thought,0
Bayside Worship,0
Black V Neck,0
Animals As Leaders,0
Blackberry Smoke,0
Anime,0
Al Atkins,0
Beach Fossils,0
Ariel Camacho y Los Plebes Del Rancho,0
Beach House,0
Arijit Singh,0
Bear McCreary,0
Arkaea,0
Beast In Black,0
Blasfemia,0
Anirudh Ravichander,0
Blazing Row,0
88 Fingers Louie,0
Blind Willie Johnson,0
Bebo Best,0
Armaan Malik,0
Anne Dudley,0
Blood Orange,0
Adrian Von Ziegler,0
Bloodbath,0
Anorexia Nervosa,0
Blue Daisy,0
Beheaded,0
Blue Sky Black Death,0
Behexen,0
Armand Hammer,0
Bela Nemeth,0
Blunt Instrument,0
Belle Margaux,0
Bobby Bazini,0
Ansome,0
Aron Risa,0
Belmont,0
Bobby Konders,0
Belphegor,0
Bobby Timmons,0
Ben Frost,0
Alasdair Roberts,0
Ben Lukas Boysen,0
Alcest,0
Adventure Club,0
Astronautalis,0
36,0
Astronoid,0
Grand Total,3199
